Temperature,HeartRate,SpO2,Class
37.1,62,97,Normal
36.72,75,96,Normal
37.19,75,97,Normal
37.71,82,98,Abnormal
36.66,54,100,Abnormal
36.66,84,98,Normal
37.75,34,97,Abnormal
37.26,66,100,Abnormal
36.52,68,96,Normal
37.13,84,99,Normal
36.52,75,96,Normal
36.52,54,98,Abnormal
36.95,60,97,Normal
35.65,78,97,Abnormal
35.77,74,96,Abnormal
36.46,66,100,Normal
36.19,68,96,Normal
36.99,85,96,Normal
36.26,67,101,Normal
35.95,74,99,Abnormal
37.68,108,92,Abnormal
36.66,54,96,Abnormal
36.84,47,93,Abnormal
35.95,87,95,Abnormal
36.47,65,91,Abnormal
36.87,70,97,Normal
36.11,63,95,Abnormal
37.03,71,97,Normal
36.44,99,94,Abnormal
36.62,87,97,Normal
36.44,88,96,Normal
37.91,54,100,Abnormal
36.79,58,100,Abnormal
36.17,32,99,Abnormal
37.29,63,96,Abnormal
36.07,89,101,Abnormal
36.93,83,94,Abnormal
35.62,72,94,Abnormal
36.0,75,97,Abnormal
36.92,65,102,Normal
37.24,78,97,Abnormal
36.9,86,97,Normal
36.73,51,94,Abnormal
36.62,79,99,Normal
35.91,89,99,Abnormal
36.37,69,99,Normal
36.52,86,96,Normal
37.43,117,96,Abnormal
37.01,73,94,Abnormal
35.74,81,97,Abnormal
36.99,64,95,Abnormal
36.57,78,95,Abnormal
36.39,82,96,Normal
37.17,78,96,Normal
37.42,60,96,Abnormal
37.36,78,98,Abnormal
36.3,97,97,Normal
36.61,82,96,Normal
37.0,89,97,Normal
37.39,71,95,Abnormal
36.51,86,97,Normal
36.69,79,97,Normal
36.14,61,94,Abnormal
36.08,80,99,Abnormal
37.29,60,95,Abnormal
37.61,66,97,Abnormal
36.76,78,99,Normal
37.4,79,99,Abnormal
37.02,57,97,Abnormal
36.41,91,96,Normal
37.02,84,99,Normal
37.72,64,98,Abnormal
36.78,52,96,Abnormal
37.74,73,95,Abnormal
35.23,68,93,Abnormal
37.29,77,97,Abnormal
36.85,70,97,Normal
36.62,45,99,Abnormal
36.86,69,98,Normal
35.61,70,100,Abnormal
36.67,85,96,Normal
37.01,65,99,Normal
37.69,100,96,Abnormal
36.49,46,99,Abnormal
36.31,95,94,Abnormal
36.5,72,97,Normal
37.35,88,93,Abnormal
37.0,76,96,Normal
36.48,92,98,Normal
37.11,69,96,Normal
36.86,59,95,Abnormal
37.38,96,99,Abnormal
36.38,73,97,Normal
36.6,78,96,Normal
36.56,94,97,Normal
35.92,60,102,Abnormal
36.98,84,99,Normal
36.96,66,99,Normal
36.8,73,98,Normal
36.66,76,97,Normal
35.95,52,92,Abnormal
36.55,63,96,Normal
36.59,95,96,Normal
36.32,88,93,Abnormal
36.7,74,95,Abnormal
37.04,79,93,Abnormal
37.93,71,97,Abnormal
36.9,95,99,Normal
36.95,72,99,Normal
36.76,78,98,Normal
35.65,92,95,Abnormal
36.78,63,93,Abnormal
36.84,98,93,Abnormal
38.28,52,94,Abnormal
36.68,99,95,Normal
36.98,69,97,Normal
36.78,71,95,Abnormal
36.1,47,98,Abnormal
37.49,68,97,Abnormal
37.25,59,97,Abnormal
37.27,66,99,Abnormal
36.25,73,95,Abnormal
37.64,89,98,Abnormal
35.96,78,97,Abnormal
37.15,80,96,Normal
38.11,59,99,Abnormal
36.21,62,99,Normal
36.46,102,95,Abnormal
36.86,64,97,Normal
36.5,100,98,Normal
35.87,71,96,Abnormal
36.84,75,98,Normal
36.16,91,98,Normal
37.08,94,101,Normal
36.25,73,94,Abnormal
37.73,69,97,Abnormal
36.33,74,95,Normal
36.61,80,98,Normal
37.29,88,94,Abnormal
36.06,75,98,Abnormal
36.94,84,96,Normal
37.58,100,96,Abnormal
35.84,81,94,Abnormal
36.91,80,96,Normal
36.96,52,99,Abnormal
37.27,36,97,Abnormal
36.06,81,98,Abnormal
36.01,74,100,Abnormal
37.11,67,98,Normal
36.98,79,96,Normal
36.95,74,98,Normal
37.01,92,96,Normal
36.39,76,96,Normal
36.94,64,94,Abnormal
36.98,90,99,Normal
36.37,72,96,Normal
37.92,83,97,Abnormal
37.08,68,95,Abnormal
36.09,65,98,Abnormal
37.19,76,95,Normal
36.22,75,97,Normal
37.27,82,99,Abnormal
37.5,71,99,Abnormal
36.31,47,97,Abnormal
37.38,69,93,Abnormal
37.05,87,103,Normal
37.29,71,100,Abnormal
37.94,71,98,Abnormal
36.65,90,95,Normal
36.35,64,97,Normal
36.27,52,96,Abnormal
36.31,73,100,Normal
36.75,68,98,Normal
37.0,61,95,Normal
36.97,72,96,Normal
37.3,82,99,Abnormal
36.81,75,100,Normal
37.67,80,100,Abnormal
36.64,102,99,Abnormal
38.43,70,96,Abnormal
37.18,79,91,Abnormal
36.29,67,98,Normal
36.16,62,97,Normal
37.09,66,97,Normal
36.67,68,97,Normal
37.23,80,94,Abnormal
37.08,110,98,Abnormal
36.76,64,98,Normal
36.29,69,98,Normal
35.89,74,99,Abnormal
36.53,81,98,Normal
37.31,79,96,Abnormal
36.93,94,97,Normal
36.05,39,97,Abnormal
36.9,39,97,Abnormal
37.03,68,99,Normal
36.27,91,98,Normal
36.89,52,101,Abnormal
36.83,30,101,Abnormal
36.11,84,97,Normal
37.01,79,89,Abnormal
37.14,59,99,Abnormal
37.45,60,96,Abnormal
37.43,60,95,Abnormal
35.97,77,96,Abnormal
36.24,66,96,Normal
37.11,82,98,Normal
37.11,32,94,Abnormal
37.11,62,95,Abnormal
39.11,58,98,Abnormal
37.14,71,98,Normal
37.48,67,98,Abnormal
37.37,87,95,Abnormal
37.19,47,95,Abnormal
36.61,76,96,Normal
37.26,83,97,Abnormal
36.34,103,100,Abnormal
36.66,68,93,Abnormal
36.51,80,97,Normal
36.85,48,94,Abnormal
38.19,39,94,Abnormal
35.68,88,99,Abnormal
37.21,75,98,Abnormal
35.83,93,98,Abnormal
36.52,54,99,Abnormal
37.45,83,96,Abnormal
36.84,103,96,Abnormal
36.15,81,101,Normal
36.37,79,97,Normal
37.21,75,98,Abnormal
36.36,51,97,Abnormal
36.93,95,93,Abnormal
36.83,66,93,Abnormal
36.41,83,96,Normal
38.09,52,99,Abnormal
37.18,57,99,Abnormal
35.58,97,99,Abnormal
36.91,70,95,Normal
36.4,97,100,Normal
37.31,74,95,Abnormal
36.32,47,97,Abnormal
36.73,88,97,Normal
37.1,66,97,Normal
37.32,85,100,Abnormal
36.08,75,96,Abnormal
36.6,52,94,Abnormal
36.52,77,97,Normal
36.41,108,96,Abnormal
37.86,82,104,Abnormal
37.04,74,98,Normal
36.04,91,96,Abnormal
37.35,78,95,Abnormal
38.07,78,93,Abnormal
37.42,59,95,Abnormal
35.89,79,97,Abnormal
36.51,91,100,Normal
37.56,62,99,Abnormal
36.38,96,97,Normal
37.07,74,96,Normal
37.26,62,98,Abnormal
36.24,90,96,Normal
36.76,71,100,Normal
34.86,86,97,Abnormal
36.19,71,97,Normal
36.65,74,93,Abnormal
36.05,82,97,Abnormal
37.78,79,99,Abnormal
35.94,45,95,Abnormal
36.54,58,95,Abnormal
36.88,89,99,Normal
37.66,73,94,Abnormal
35.94,67,99,Abnormal
37.5,55,96,Abnormal
36.81,59,96,Abnormal
36.21,45,95,Abnormal
37.08,73,98,Normal
36.92,66,102,Normal
36.44,61,99,Normal
36.84,74,95,Normal
36.57,80,99,Normal
36.87,106,96,Abnormal
37.2,52,100,Abnormal
37.75,92,99,Abnormal
36.06,90,91,Abnormal
38.08,63,95,Abnormal
35.63,78,99,Abnormal
36.71,68,97,Normal
37.15,78,95,Abnormal
36.97,98,96,Normal
36.43,84,93,Abnormal
36.68,83,97,Normal
36.5,69,101,Normal
36.45,53,99,Abnormal
37.31,72,101,Abnormal
37.01,93,99,Normal
36.38,52,99,Abnormal
37.34,59,101,Abnormal
36.98,77,98,Normal
37.29,60,97,Abnormal
37.18,63,99,Normal
36.3,69,100,Normal
36.46,55,96,Abnormal
37.25,60,96,Abnormal
37.17,86,97,Normal
36.79,55,99,Abnormal
36.87,51,99,Abnormal
37.57,66,94,Abnormal
36.45,86,101,Normal
37.13,72,96,Normal
36.68,68,96,Normal
36.67,76,95,Normal
37.46,49,102,Abnormal
37.3,82,97,Abnormal
37.29,81,95,Abnormal
37.58,69,99,Abnormal
36.81,90,99,Normal
37.21,58,97,Abnormal
36.61,92,99,Normal
36.99,77,95,Normal
36.72,70,96,Normal
36.86,75,93,Abnormal
37.16,73,94,Abnormal
36.31,93,101,Normal
38.06,59,100,Abnormal
36.2,64,97,Normal
36.07,91,100,Abnormal
37.49,66,97,Abnormal
37.27,89,97,Abnormal
37.17,100,97,Abnormal
37.18,69,97,Normal
36.79,85,97,Normal
36.26,58,99,Abnormal
36.85,86,97,Normal
36.39,78,98,Normal
37.39,82,99,Abnormal
36.71,65,98,Normal
36.3,50,95,Abnormal
36.61,83,94,Abnormal
37.05,44,97,Abnormal
36.46,70,97,Normal
36.31,89,97,Normal
36.95,78,97,Normal
36.95,104,102,Abnormal
36.5,90,94,Abnormal
36.52,65,93,Abnormal
36.94,75,98,Normal
35.93,74,96,Abnormal
35.96,51,98,Abnormal
36.37,61,98,Normal
36.67,67,100,Normal
36.99,44,94,Abnormal
37.69,76,96,Abnormal
37.31,71,98,Abnormal
36.7,50,99,Abnormal
36.79,81,101,Normal
36.2,86,99,Normal
36.79,78,97,Normal
36.63,70,95,Normal
36.99,84,96,Normal
36.3,85,96,Normal
37.11,80,98,Normal
37.72,63,98,Abnormal
36.73,79,94,Abnormal
37.04,93,96,Normal
37.21,66,99,Abnormal
36.56,106,98,Abnormal
36.93,67,98,Normal
36.81,75,98,Normal
36.86,65,100,Normal
36.34,78,97,Normal
36.81,49,96,Abnormal
37.1,67,95,Normal
37.67,59,97,Abnormal
37.38,77,92,Abnormal
38.09,90,97,Abnormal
36.34,85,97,Normal
37.32,39,94,Abnormal
36.91,106,95,Abnormal
38.11,79,99,Abnormal
36.32,63,97,Normal
36.3,77,97,Normal
36.44,78,98,Normal
35.53,65,97,Abnormal
36.48,78,99,Normal
36.34,66,97,Normal
36.89,69,94,Abnormal
37.01,65,100,Normal
37.93,54,98,Abnormal
37.37,77,96,Abnormal
36.45,84,94,Abnormal
36.26,83,98,Normal
37.1,87,97,Normal
36.01,80,100,Abnormal
37.9,67,96,Abnormal
37.51,88,95,Abnormal
36.52,55,99,Abnormal
35.77,61,99,Abnormal
37.61,61,97,Abnormal
36.73,91,98,Normal
37.54,89,97,Abnormal
35.84,82,97,Abnormal
36.44,91,99,Normal
36.8,62,98,Normal
36.83,80,97,Normal
36.53,73,100,Normal
37.17,88,92,Abnormal
36.16,73,101,Normal
36.71,69,94,Abnormal
36.87,83,96,Normal
37.11,88,97,Normal
37.23,65,97,Abnormal
36.13,74,99,Normal
35.88,59,95,Abnormal
37.57,38,98,Abnormal
37.0,78,96,Normal
36.35,84,98,Normal
37.73,79,97,Abnormal
36.87,46,97,Abnormal
37.51,70,96,Abnormal
36.84,42,96,Abnormal
38.04,96,98,Abnormal
37.85,59,99,Abnormal
36.65,94,96,Normal
37.38,89,95,Abnormal
37.19,61,98,Normal
37.62,58,97,Abnormal
36.22,80,99,Normal
37.21,62,95,Abnormal
37.44,77,93,Abnormal
35.74,68,96,Abnormal
36.09,48,95,Abnormal
35.58,42,97,Abnormal
36.64,78,96,Normal
37.23,67,98,Abnormal
37.7,67,96,Abnormal
36.84,85,97,Normal
37.78,93,97,Abnormal
35.97,71,97,Abnormal
35.78,70,97,Abnormal
36.77,83,98,Normal
37.03,55,95,Abnormal
36.78,78,100,Normal
35.56,83,97,Abnormal
36.75,85,94,Abnormal
36.02,46,97,Abnormal
37.2,64,95,Abnormal
37.02,62,98,Normal
36.24,76,101,Normal
36.49,82,95,Normal
36.16,97,98,Normal
36.76,68,93,Abnormal
37.37,68,98,Abnormal
36.21,92,95,Normal
37.1,79,96,Normal
36.48,94,95,Abnormal
36.32,79,98,Normal
36.74,58,99,Abnormal
36.18,55,97,Abnormal
36.47,52,95,Abnormal
36.08,85,100,Abnormal
37.98,93,95,Abnormal
36.82,103,93,Abnormal
36.38,88,98,Normal
36.93,92,95,Abnormal
36.73,66,99,Normal
36.67,58,96,Abnormal
37.17,88,98,Normal
37.25,81,100,Abnormal
36.48,77,95,Abnormal
36.45,81,96,Normal
36.63,80,97,Normal
35.42,94,100,Abnormal
35.89,94,96,Abnormal
37.62,83,96,Abnormal
37.79,88,98,Abnormal
36.65,83,96,Normal
37.15,68,97,Normal
36.99,86,94,Abnormal
38.65,54,101,Abnormal
37.47,91,94,Abnormal
36.72,57,96,Abnormal
36.23,79,97,Normal
35.84,62,101,Abnormal
36.92,83,94,Abnormal
36.35,74,101,Normal
35.95,51,99,Abnormal
36.41,81,98,Normal
36.15,66,95,Normal
37.81,88,98,Abnormal
37.33,75,96,Abnormal
36.8,81,100,Normal
37.69,61,95,Abnormal
36.85,66,97,Normal
36.28,68,96,Normal
37.71,88,95,Abnormal
37.12,100,98,Abnormal
36.18,63,98,Normal
36.69,91,99,Normal
36.27,42,93,Abnormal
35.97,57,99,Abnormal
37.36,61,102,Abnormal
37.95,55,96,Abnormal
35.96,51,101,Abnormal
37.14,81,96,Normal
36.41,72,94,Abnormal
36.51,81,96,Normal
36.44,85,99,Normal
36.28,79,95,Normal
36.83,85,96,Normal
36.3,74,98,Normal
36.96,57,97,Abnormal
36.77,91,98,Normal
36.66,66,97,Normal
36.26,61,98,Normal
36.45,72,96,Normal
37.25,61,97,Abnormal
37.1,69,95,Normal
36.21,80,100,Normal
36.86,80,96,Normal
37.25,62,99,Abnormal
35.8,68,97,Abnormal
37.13,91,97,Normal
36.4,82,96,Normal
37.14,106,95,Abnormal
36.34,93,94,Abnormal
35.72,92,95,Abnormal
35.82,54,96,Abnormal
36.83,86,97,Normal
36.96,74,99,Normal
36.26,67,96,Normal
37.18,78,95,Normal
35.8,89,94,Abnormal
36.76,83,98,Normal
36.07,62,100,Abnormal
36.41,86,100,Normal
36.83,65,98,Normal
36.28,78,98,Normal
36.57,70,100,Normal
37.4,72,98,Abnormal
36.45,86,98,Normal
37.3,59,96,Abnormal
36.12,104,94,Abnormal
37.12,48,96,Abnormal
37.66,66,97,Abnormal
35.32,81,97,Abnormal
36.32,84,101,Normal
37.15,73,97,Normal
36.68,74,99,Normal
37.02,81,96,Normal
36.44,72,96,Normal
36.85,96,94,Abnormal
36.71,88,96,Normal
37.5,88,98,Abnormal
36.95,61,97,Normal
37.0,74,99,Normal
36.55,70,97,Normal
36.51,60,96,Abnormal
36.54,80,101,Normal
37.04,67,97,Normal
36.55,85,99,Normal
36.97,59,96,Abnormal
38.05,101,98,Abnormal
37.32,62,99,Abnormal
36.6,78,97,Normal
37.52,87,92,Abnormal
36.56,66,97,Normal
35.58,88,99,Abnormal
36.2,57,98,Abnormal
35.68,97,98,Abnormal
36.59,75,94,Abnormal
36.81,66,96,Normal
37.81,71,98,Abnormal
37.0,87,98,Normal
36.67,66,99,Normal
37.3,64,97,Abnormal
35.47,72,98,Abnormal
36.94,57,97,Abnormal
37.26,102,95,Abnormal
35.91,67,92,Abnormal
37.49,87,98,Abnormal
37.0,78,97,Normal
36.55,60,96,Normal
37.18,75,94,Abnormal
38.16,87,98,Abnormal
36.91,72,96,Normal
36.95,93,98,Normal
36.52,90,101,Normal
36.29,89,93,Abnormal
37.3,68,96,Abnormal
36.29,59,97,Abnormal
36.84,66,100,Normal
36.51,78,94,Abnormal
37.09,83,101,Normal
37.0,42,97,Abnormal
37.42,75,97,Abnormal
36.49,77,97,Normal
36.64,71,96,Normal
36.21,94,99,Normal
36.53,81,95,Abnormal
37.03,95,98,Normal
37.25,72,96,Abnormal
36.25,89,95,Normal
37.32,100,102,Abnormal
37.61,95,98,Abnormal
37.05,59,98,Abnormal
37.93,71,99,Abnormal
36.34,70,94,Abnormal
36.05,82,101,Abnormal
35.73,85,92,Abnormal
37.7,62,95,Abnormal
37.19,76,96,Normal
36.77,45,98,Abnormal
36.97,97,97,Normal
36.12,67,97,Normal
38.27,76,97,Abnormal
36.88,70,95,Normal
36.87,92,94,Abnormal
37.24,32,98,Abnormal
37.09,75,98,Normal
36.93,73,100,Normal
36.33,68,95,Normal
37.08,101,98,Abnormal
37.93,62,96,Abnormal
37.61,87,99,Abnormal
37.76,80,99,Abnormal
36.49,94,97,Normal
36.21,65,96,Normal
36.72,64,99,Normal
36.83,91,98,Normal
37.46,81,96,Abnormal
35.78,52,94,Abnormal
37.72,67,96,Abnormal
36.71,81,100,Normal
36.54,88,99,Normal
36.19,65,95,Abnormal
35.81,31,95,Abnormal
37.29,83,100,Abnormal
36.84,57,95,Abnormal
36.03,45,98,Abnormal
36.02,33,96,Abnormal
36.6,87,100,Normal
37.8,77,95,Abnormal
36.64,72,99,Normal
35.9,96,97,Abnormal
36.65,85,98,Normal
36.64,99,93,Abnormal
35.18,54,93,Abnormal
36.77,74,97,Normal
36.66,51,97,Abnormal
37.22,72,95,Abnormal
37.91,71,95,Abnormal
37.48,84,98,Abnormal
36.64,76,98,Normal
36.14,84,97,Normal
38.34,86,99,Abnormal
36.84,107,95,Abnormal
36.81,70,96,Normal
36.79,61,100,Normal
36.92,79,97,Normal
36.71,63,97,Normal
36.46,97,102,Normal
36.47,71,94,Abnormal
36.78,67,99,Normal
36.47,68,100,Normal
36.37,86,96,Normal
36.86,73,99,Normal
36.65,65,95,Normal
37.7,100,96,Abnormal
35.21,62,98,Abnormal
37.45,76,99,Abnormal
37.55,85,99,Abnormal
35.56,51,100,Abnormal
36.59,82,97,Normal
36.58,59,99,Abnormal
35.96,87,96,Abnormal
36.33,61,99,Normal
36.13,85,97,Normal
37.85,92,98,Abnormal
37.36,88,98,Abnormal
37.56,79,94,Abnormal
37.23,72,95,Abnormal
36.12,66,97,Normal
36.49,97,94,Abnormal
37.09,65,99,Normal
36.07,59,99,Abnormal
37.23,85,98,Abnormal
36.66,63,95,Abnormal
36.58,61,100,Normal
37.23,53,101,Abnormal
37.07,68,97,Normal
36.58,74,98,Normal
37.5,79,97,Abnormal
36.15,89,98,Normal
37.17,83,97,Normal
37.16,72,97,Normal
36.61,72,99,Normal
37.0,83,102,Normal
36.05,94,94,Abnormal
37.35,77,97,Abnormal
36.69,68,95,Abnormal
36.49,60,100,Normal
37.43,53,96,Abnormal
36.38,85,94,Abnormal
35.95,84,98,Abnormal
35.87,84,100,Abnormal
37.16,73,98,Normal
36.03,96,97,Abnormal
37.85,68,98,Abnormal
35.55,89,100,Abnormal
37.82,74,95,Abnormal
36.93,66,97,Normal
36.74,84,96,Normal
36.47,81,95,Abnormal
37.04,80,96,Normal
36.78,76,99,Normal
37.46,74,98,Abnormal
36.87,111,98,Abnormal
36.89,93,97,Normal
36.58,86,98,Normal
36.77,77,95,Normal
36.98,90,96,Normal
35.77,83,97,Abnormal
35.99,75,98,Abnormal
37.25,70,98,Abnormal
36.9,74,97,Normal
36.69,27,96,Abnormal
36.81,78,103,Normal
37.01,68,99,Normal
36.48,99,98,Normal
36.33,75,97,Normal
36.92,57,96,Abnormal
36.21,74,97,Normal
37.04,59,98,Abnormal
35.78,82,93,Abnormal
37.42,79,94,Abnormal
37.08,89,96,Normal
36.95,63,97,Normal
37.39,76,97,Abnormal
37.8,55,100,Abnormal
37.41,86,94,Abnormal
35.7,83,95,Abnormal
36.03,82,100,Abnormal
36.43,75,97,Normal
36.82,81,99,Normal
37.11,99,101,Normal
36.36,71,96,Normal
36.91,77,97,Normal
36.35,59,96,Abnormal
36.43,62,93,Abnormal
35.96,76,96,Abnormal
36.25,92,99,Normal
35.99,71,98,Abnormal
36.21,71,98,Normal
37.43,69,96,Abnormal
36.23,67,96,Normal
38.38,79,100,Abnormal
37.1,53,96,Abnormal
36.91,94,98,Normal
36.28,65,97,Normal
37.22,86,100,Abnormal
36.45,56,99,Abnormal
36.87,85,94,Abnormal
38.34,85,95,Abnormal
36.74,81,98,Normal
37.49,60,97,Abnormal
36.38,79,96,Normal
36.78,57,99,Abnormal
37.86,71,97,Abnormal
36.42,90,97,Normal
37.89,87,99,Abnormal
37.22,75,96,Abnormal
36.46,60,100,Normal
37.18,85,95,Normal
37.38,75,98,Abnormal
37.17,40,100,Abnormal
35.86,87,94,Abnormal
36.36,75,96,Normal
36.65,93,99,Normal
36.76,59,99,Abnormal
37.17,27,97,Abnormal
36.91,79,96,Normal
36.0,79,99,Abnormal
37.03,50,99,Abnormal
37.17,60,95,Abnormal
37.14,116,95,Abnormal
37.45,70,97,Abnormal
37.3,86,98,Abnormal
37.08,65,96,Normal
36.76,44,98,Abnormal
35.8,72,96,Abnormal
37.06,71,93,Abnormal
36.92,69,96,Normal
36.96,73,97,Normal
36.03,79,96,Abnormal
36.15,73,95,Abnormal
37.43,56,93,Abnormal
36.78,82,96,Normal
37.21,46,99,Abnormal
36.82,44,100,Abnormal
36.82,86,99,Normal
37.36,83,95,Abnormal
36.49,74,95,Abnormal
36.86,54,98,Abnormal
36.52,64,98,Normal
36.54,71,98,Normal
36.61,51,93,Abnormal
36.93,64,95,Normal
36.51,85,97,Normal
37.55,96,98,Abnormal
36.26,69,99,Normal
36.69,86,97,Normal
36.54,46,98,Abnormal
37.67,85,97,Abnormal
36.92,63,98,Normal
37.42,80,98,Abnormal
35.91,71,97,Abnormal
36.96,95,96,Normal
37.33,62,97,Abnormal
36.85,84,98,Normal
37.44,71,98,Abnormal
36.49,73,98,Normal
37.65,72,100,Abnormal
38.18,62,98,Abnormal
36.58,75,96,Normal
36.53,74,99,Normal
37.67,79,94,Abnormal
37.75,76,95,Abnormal
36.49,87,98,Normal
36.55,89,98,Normal
36.63,59,95,Abnormal
35.99,88,96,Abnormal
36.25,57,96,Abnormal
36.2,84,96,Normal
36.34,84,99,Normal
36.78,46,98,Abnormal
36.94,76,97,Normal
37.73,68,96,Abnormal
36.2,64,94,Abnormal
37.39,95,100,Abnormal
36.67,65,98,Normal
36.77,63,96,Normal
37.2,76,98,Abnormal
36.13,85,97,Normal
37.03,73,96,Normal
36.9,92,98,Normal
37.1,83,96,Normal
36.97,42,96,Abnormal
38.27,67,97,Abnormal
36.42,67,96,Normal
36.48,82,98,Normal
36.43,36,101,Abnormal
36.47,113,95,Abnormal
36.42,83,94,Abnormal
37.51,77,93,Abnormal
37.65,93,97,Abnormal
36.46,110,96,Abnormal
36.3,88,97,Normal
37.08,89,97,Normal
36.47,77,94,Abnormal
37.18,73,93,Abnormal
36.92,68,98,Normal
35.89,63,97,Abnormal
37.73,65,96,Abnormal
37.88,55,94,Abnormal
36.43,74,98,Normal
36.57,50,100,Abnormal
36.97,78,98,Normal
37.0,74,95,Normal
37.2,77,97,Normal
38.01,67,94,Abnormal
36.69,121,99,Abnormal
36.32,95,97,Normal
35.97,56,93,Abnormal
36.36,78,96,Normal
36.78,66,98,Normal
37.88,60,96,Abnormal
36.49,55,96,Abnormal
36.93,81,95,Abnormal
36.79,65,98,Normal
37.51,90,96,Abnormal
38.32,90,93,Abnormal
36.48,96,96,Normal
36.51,62,99,Normal
37.43,82,96,Abnormal
37.21,84,100,Abnormal
37.91,68,98,Abnormal
37.15,63,98,Normal
36.58,99,97,Normal
37.15,78,97,Normal
37.47,85,96,Abnormal
37.29,63,96,Abnormal
37.1,57,98,Abnormal
37.44,66,95,Abnormal
37.5,73,95,Abnormal
37.63,59,95,Abnormal
37.19,75,101,Normal
36.7,50,98,Abnormal
36.89,58,98,Abnormal
37.52,85,95,Abnormal
36.31,84,98,Normal
37.02,69,97,Normal
36.56,60,97,Abnormal
36.82,60,95,Abnormal
37.57,69,97,Abnormal
36.91,85,96,Normal
36.83,89,95,Normal
35.98,68,98,Abnormal
37.25,58,94,Abnormal
37.19,79,98,Normal
38.1,63,98,Abnormal
36.62,67,95,Normal
36.93,95,95,Normal
36.95,87,97,Normal
37.75,77,98,Abnormal
36.74,56,97,Abnormal
36.97,78,98,Normal
37.16,91,101,Normal
36.91,69,96,Normal
36.53,95,94,Abnormal
36.92,94,99,Normal
37.44,100,100,Abnormal
36.18,80,98,Normal
36.88,84,95,Abnormal
36.38,96,97,Normal
37.52,82,95,Abnormal
35.89,67,98,Abnormal
36.46,68,94,Abnormal
37.03,79,96,Normal
37.74,56,95,Abnormal
36.76,73,97,Normal
36.47,91,96,Normal
37.93,42,97,Abnormal
35.93,98,97,Abnormal
35.48,92,95,Abnormal
37.06,68,98,Normal
36.5,83,97,Normal
36.19,75,95,Normal
37.23,93,101,Abnormal
36.95,90,98,Normal
36.46,54,97,Abnormal
36.03,84,100,Abnormal
37.32,72,101,Abnormal
37.19,76,97,Normal
36.74,64,98,Normal
37.91,101,95,Abnormal
36.16,91,97,Normal
35.88,64,97,Abnormal
36.38,55,97,Abnormal
36.77,69,98,Normal
36.95,82,98,Normal
36.66,79,97,Normal
37.01,94,95,Abnormal
36.05,87,95,Abnormal
37.67,90,96,Abnormal
36.75,80,96,Normal
37.47,54,99,Abnormal
37.01,72,95,Abnormal
37.07,91,96,Normal
37.14,74,99,Normal
37.07,83,96,Normal
37.19,70,98,Normal
37.6,60,97,Abnormal
36.92,73,98,Normal
37.23,80,97,Abnormal
36.75,65,98,Normal
37.66,71,94,Abnormal
36.39,61,96,Normal
37.88,92,98,Abnormal
36.78,71,98,Normal
35.94,97,100,Abnormal
36.88,98,96,Normal
36.39,74,100,Normal
37.3,60,96,Abnormal
36.41,44,100,Abnormal
36.53,53,99,Abnormal
35.67,54,95,Abnormal
36.53,96,98,Normal
35.35,77,97,Abnormal
35.85,81,98,Abnormal
37.26,42,97,Abnormal
37.27,57,96,Abnormal
37.06,88,100,Normal
36.22,79,97,Normal
36.77,73,99,Normal
36.8,83,97,Normal
36.1,100,100,Normal
37.7,72,96,Abnormal
37.33,76,96,Abnormal
36.67,78,100,Normal
36.82,111,96,Abnormal
36.93,44,100,Abnormal
35.57,85,99,Abnormal
36.65,73,97,Normal
36.39,84,93,Abnormal
36.2,65,97,Normal
36.63,74,97,Normal
37.88,86,99,Abnormal
37.18,122,100,Abnormal
36.46,87,96,Normal
37.14,62,99,Normal
37.64,69,99,Abnormal
37.35,68,99,Abnormal
36.84,48,98,Abnormal
36.41,70,93,Abnormal
37.22,86,97,Abnormal
37.04,56,95,Abnormal
37.34,91,97,Abnormal
37.18,82,99,Normal
37.43,64,98,Abnormal
36.48,73,99,Normal
37.59,99,98,Abnormal
36.92,86,94,Abnormal
38.05,75,92,Abnormal
36.39,71,97,Normal
37.84,76,97,Abnormal
36.92,67,95,Normal
36.41,43,94,Abnormal
36.51,106,96,Abnormal
36.61,77,97,Normal
37.05,81,98,Normal
37.11,74,97,Normal
36.46,64,100,Normal
36.79,72,95,Abnormal
38.09,51,99,Abnormal
37.84,109,97,Abnormal
37.06,56,98,Abnormal
36.82,60,96,Abnormal
36.87,68,99,Normal
37.17,94,98,Normal
36.19,75,96,Normal
36.65,56,97,Abnormal
35.8,94,97,Abnormal
37.04,86,98,Normal
37.19,83,95,Abnormal
36.51,86,97,Normal
37.74,111,98,Abnormal
36.06,108,97,Abnormal
35.92,65,100,Abnormal
36.93,99,99,Normal
37.43,81,97,Abnormal
37.81,82,97,Abnormal
36.52,50,98,Abnormal
37.45,72,98,Abnormal
36.78,63,93,Abnormal
36.7,87,96,Normal
37.33,91,94,Abnormal
37.19,44,100,Abnormal
35.85,75,97,Abnormal
37.69,92,97,Abnormal
37.63,72,99,Abnormal
36.42,86,98,Normal
37.04,80,95,Abnormal
37.1,80,97,Normal
36.96,71,96,Normal
36.47,57,94,Abnormal
36.4,58,96,Abnormal
36.78,86,97,Normal
37.5,75,97,Abnormal
37.13,73,94,Abnormal
36.58,69,99,Normal
37.26,70,97,Abnormal
35.09,91,97,Abnormal
37.49,70,98,Abnormal
35.76,55,95,Abnormal
36.58,86,98,Normal
36.13,72,96,Normal
36.02,75,95,Abnormal
37.5,99,98,Abnormal
36.52,75,100,Normal
37.01,79,98,Normal
36.77,57,99,Abnormal
37.09,72,96,Normal
36.85,84,94,Abnormal
36.03,52,100,Abnormal
37.4,78,101,Abnormal
36.5,77,100,Normal
35.87,76,96,Abnormal
36.54,91,95,Abnormal
37.7,80,95,Abnormal
37.31,97,94,Abnormal
36.59,60,97,Normal
36.59,77,100,Normal
36.61,76,97,Normal
38.05,59,98,Abnormal
37.03,89,100,Normal
37.06,110,96,Abnormal
37.42,75,101,Abnormal
36.94,83,101,Normal
36.64,76,97,Normal
36.68,64,96,Normal
36.76,48,98,Abnormal
36.78,64,96,Normal
37.24,54,95,Abnormal
36.83,101,100,Abnormal
37.24,73,99,Abnormal
36.75,70,97,Normal
36.85,88,94,Abnormal
35.6,58,95,Abnormal
37.35,63,97,Abnormal
37.01,76,96,Normal
37.4,90,96,Abnormal
35.06,83,99,Abnormal
38.05,79,98,Abnormal
36.72,76,100,Normal
37.46,81,95,Abnormal
36.18,78,96,Normal
37.17,60,99,Abnormal
36.17,76,98,Normal
36.43,59,100,Abnormal
37.95,76,98,Abnormal
36.69,68,101,Normal
36.93,113,98,Abnormal
37.32,74,99,Abnormal
37.1,54,96,Abnormal
36.89,73,97,Normal
37.02,83,99,Normal
38.24,100,100,Abnormal
36.77,66,98,Normal
36.92,51,97,Abnormal
37.43,87,100,Abnormal
37.46,54,93,Abnormal
37.51,68,94,Abnormal
37.18,71,98,Normal
36.11,74,97,Normal
37.78,85,98,Abnormal
36.11,65,97,Normal
36.98,71,98,Normal
36.35,75,95,Normal
36.76,77,98,Normal
37.0,76,99,Normal
36.99,82,99,Normal
37.05,88,101,Normal
37.77,81,97,Abnormal
37.07,82,98,Normal
36.65,51,94,Abnormal
37.38,76,96,Abnormal
37.51,82,97,Abnormal
36.06,86,99,Abnormal
37.16,65,96,Normal
37.22,65,99,Abnormal
36.62,66,97,Normal
37.63,83,97,Abnormal
36.71,91,97,Normal
36.88,69,96,Normal
36.7,89,96,Normal
36.81,77,94,Abnormal
36.14,73,97,Normal
35.94,72,96,Abnormal
37.76,86,96,Abnormal
36.29,80,98,Normal
36.21,109,98,Abnormal
35.51,62,97,Abnormal
36.42,83,99,Normal
36.01,67,98,Abnormal
37.79,62,96,Abnormal
37.41,75,96,Abnormal
36.39,77,98,Normal
38.15,119,98,Abnormal
37.39,72,100,Abnormal
36.61,58,99,Abnormal
35.3,79,96,Abnormal
38.17,44,97,Abnormal
35.97,74,98,Abnormal
35.81,75,99,Abnormal
37.41,87,99,Abnormal
38.26,90,97,Abnormal
37.63,67,94,Abnormal
37.14,73,95,Normal
37.16,64,98,Normal
37.31,58,98,Abnormal
37.26,80,95,Abnormal
36.97,56,97,Abnormal
36.86,69,98,Normal
36.76,60,95,Abnormal
36.35,83,99,Normal
36.63,102,96,Abnormal
35.78,55,100,Abnormal
36.74,47,96,Abnormal
36.21,73,95,Abnormal
36.14,75,96,Normal
36.91,78,97,Normal
37.64,68,96,Abnormal
37.35,72,97,Abnormal
35.86,81,98,Abnormal
36.21,91,97,Normal
37.36,46,97,Abnormal
36.21,69,94,Abnormal
36.67,78,98,Normal
37.13,61,97,Normal
36.22,101,100,Abnormal
36.86,65,95,Normal
36.0,74,93,Abnormal
36.44,83,98,Normal
36.99,66,98,Normal
35.84,47,95,Abnormal
37.06,69,94,Abnormal
36.79,90,100,Normal
37.13,70,100,Normal
36.93,62,92,Abnormal
37.62,89,96,Abnormal
36.88,70,100,Normal
36.54,67,96,Normal
36.87,77,96,Normal
37.13,87,96,Normal
36.83,111,95,Abnormal
36.82,87,94,Abnormal
36.38,92,99,Normal
36.4,67,93,Abnormal
35.96,60,97,Abnormal
37.85,76,99,Abnormal
36.05,77,94,Abnormal
36.38,59,95,Abnormal
36.37,72,99,Normal
37.34,81,98,Abnormal
36.62,80,96,Normal
37.55,83,99,Abnormal
36.4,79,99,Normal
36.97,67,98,Normal
36.3,67,95,Normal
38.09,57,96,Abnormal
36.09,102,98,Abnormal
36.99,75,97,Normal
37.18,72,99,Normal
37.05,61,94,Abnormal
36.69,119,94,Abnormal
36.72,59,97,Abnormal
36.83,69,96,Normal
36.71,81,96,Normal
37.38,84,93,Abnormal
38.13,89,97,Abnormal
36.47,102,97,Abnormal
35.98,83,98,Abnormal
36.75,59,97,Abnormal
38.35,71,97,Abnormal
36.32,80,99,Normal
37.78,106,94,Abnormal
37.81,54,98,Abnormal
36.47,93,94,Abnormal
37.14,78,95,Normal
37.78,88,95,Abnormal
36.57,73,99,Normal
36.68,62,97,Normal
36.45,86,97,Normal
36.19,85,95,Abnormal
36.41,90,96,Normal
36.07,75,95,Abnormal
36.82,66,98,Normal
36.34,52,95,Abnormal
36.94,87,100,Normal
35.87,81,94,Abnormal
37.0,61,95,Normal
37.3,67,100,Abnormal
35.6,68,96,Abnormal
37.02,53,94,Abnormal
37.54,63,97,Abnormal
36.07,58,96,Abnormal
37.8,69,95,Abnormal
37.05,64,95,Abnormal
36.38,51,103,Abnormal
36.77,105,96,Abnormal
37.13,94,93,Abnormal
36.85,63,100,Normal
37.12,79,98,Normal
36.25,81,95,Normal
36.9,93,95,Normal
35.95,63,98,Abnormal
36.73,91,97,Normal
36.26,67,93,Abnormal
36.36,55,101,Abnormal
37.54,86,96,Abnormal
37.45,94,100,Abnormal
37.17,114,100,Abnormal
36.14,57,95,Abnormal
36.61,85,99,Normal
37.53,69,96,Abnormal
36.89,87,93,Abnormal
38.19,53,96,Abnormal
37.04,56,98,Abnormal
36.92,63,96,Normal
36.61,76,96,Normal
36.88,65,99,Normal
36.71,85,97,Normal
37.22,90,95,Abnormal
37.37,84,98,Abnormal
36.33,99,97,Normal
36.0,81,92,Abnormal
35.7,57,98,Abnormal
37.1,95,98,Normal
36.14,66,97,Normal
35.51,89,99,Abnormal
37.03,99,96,Normal
38.3,82,98,Abnormal
36.8,53,94,Abnormal
37.3,61,98,Abnormal
36.85,95,101,Normal
36.74,72,95,Normal
37.35,76,95,Abnormal
36.63,86,96,Normal
36.96,85,97,Normal
36.99,79,95,Abnormal
36.4,72,98,Normal
37.4,70,99,Abnormal
36.7,88,98,Normal
36.35,83,93,Abnormal
37.12,71,99,Normal
36.26,91,99,Normal
36.82,73,99,Normal
36.79,62,98,Normal
37.45,64,97,Abnormal
37.08,60,99,Normal
36.78,71,101,Normal
37.29,94,95,Abnormal
37.63,63,99,Abnormal
37.13,78,97,Normal
36.81,65,97,Normal
36.01,71,94,Abnormal
36.16,52,96,Abnormal
36.62,72,95,Normal
36.43,72,96,Normal
36.69,83,95,Abnormal
36.83,78,96,Normal
37.12,57,96,Abnormal
36.76,91,97,Normal
37.09,78,94,Abnormal
36.84,78,94,Abnormal
35.61,75,98,Abnormal
36.24,67,95,Normal
36.71,78,99,Normal
36.07,82,97,Abnormal
37.16,49,98,Abnormal
37.72,67,100,Abnormal
37.53,71,96,Abnormal
36.67,79,96,Normal
37.69,93,99,Abnormal
36.89,63,98,Normal
36.6,68,97,Normal
36.43,67,100,Normal
36.62,63,97,Normal
36.57,70,97,Normal
36.9,87,97,Normal
36.9,59,95,Abnormal
36.8,81,97,Normal
37.06,49,100,Abnormal
37.51,67,98,Abnormal
37.37,70,97,Abnormal
35.91,100,97,Abnormal
35.27,71,98,Abnormal
37.36,42,98,Abnormal
35.98,45,98,Abnormal
36.67,76,96,Normal
36.1,84,98,Abnormal
35.72,81,98,Abnormal
37.12,78,95,Abnormal
37.26,92,97,Abnormal
36.45,67,93,Abnormal
35.25,88,98,Abnormal
36.47,51,98,Abnormal
37.04,61,98,Normal
35.91,48,96,Abnormal
36.91,71,98,Normal
36.79,74,100,Normal
37.15,77,100,Normal
36.87,76,97,Normal
36.22,61,97,Normal
37.52,72,99,Abnormal
36.7,53,94,Abnormal
36.78,95,96,Normal
36.24,70,100,Normal
36.53,68,99,Normal
36.27,99,98,Normal
36.7,56,94,Abnormal
37.83,58,97,Abnormal
35.98,59,96,Abnormal
35.83,74,98,Abnormal
37.68,81,95,Abnormal
36.67,86,95,Abnormal
36.4,114,93,Abnormal
37.42,41,99,Abnormal
36.44,84,96,Normal
37.9,67,97,Abnormal
37.21,66,97,Abnormal
36.51,66,95,Abnormal
38.09,61,94,Abnormal
36.44,100,95,Abnormal
37.25,88,96,Abnormal
36.98,75,98,Normal
37.58,95,95,Abnormal
37.74,52,100,Abnormal
36.82,55,99,Abnormal
36.35,42,99,Abnormal
37.08,65,97,Normal
36.39,77,100,Normal
38.01,77,97,Abnormal
36.88,77,97,Normal
36.58,54,97,Abnormal
36.91,87,98,Normal
35.99,79,98,Abnormal
36.22,86,96,Normal
37.52,47,96,Abnormal
36.41,80,98,Normal
36.17,57,98,Abnormal
37.12,69,96,Normal
37.51,83,94,Abnormal
37.23,76,97,Abnormal
37.4,62,98,Abnormal
36.35,75,101,Normal
35.95,52,95,Abnormal
37.7,92,96,Abnormal
36.61,72,96,Normal
36.65,92,100,Normal
37.6,67,97,Abnormal
37.13,67,95,Normal
37.07,64,98,Normal
38.1,88,96,Abnormal
36.41,64,95,Abnormal
37.36,85,95,Abnormal
36.83,69,100,Normal
36.96,45,98,Abnormal
37.72,66,97,Abnormal
37.1,57,97,Abnormal
37.12,76,98,Normal
37.44,57,98,Abnormal
36.58,89,98,Normal
36.3,74,97,Normal
36.17,72,99,Normal
35.62,85,97,Abnormal
38.03,89,95,Abnormal
36.14,75,96,Normal
36.67,63,93,Abnormal
36.63,48,101,Abnormal
36.98,65,99,Normal
37.29,66,95,Abnormal
37.32,77,96,Abnormal
36.45,70,96,Normal
36.7,85,100,Normal
36.97,66,94,Abnormal
36.65,74,97,Normal
37.76,93,97,Abnormal
37.09,80,99,Normal
37.24,74,97,Abnormal
37.2,66,93,Abnormal
37.5,66,96,Abnormal
36.91,62,95,Normal
36.02,67,97,Abnormal
37.04,86,100,Normal
36.41,72,94,Abnormal
36.48,55,95,Abnormal
37.15,102,96,Abnormal
37.54,80,96,Abnormal
36.81,54,98,Abnormal
36.99,68,97,Normal
37.82,77,98,Abnormal
36.94,101,96,Abnormal
38.36,58,97,Abnormal
37.14,90,99,Normal
35.74,96,96,Abnormal
37.25,66,99,Abnormal
37.03,71,97,Normal
37.57,59,99,Abnormal
37.2,72,97,Abnormal
36.72,74,98,Normal
36.07,85,97,Abnormal
36.67,91,97,Normal
36.29,64,98,Normal
36.45,45,98,Abnormal
37.15,75,95,Abnormal
37.8,79,100,Abnormal
37.04,79,93,Abnormal
36.08,70,96,Abnormal
37.07,77,97,Normal
37.52,98,98,Abnormal
36.43,81,100,Normal
36.72,69,93,Abnormal
36.81,67,96,Normal
36.33,72,93,Abnormal
37.19,100,97,Normal
36.73,72,98,Normal
37.05,75,100,Normal
36.27,68,97,Normal
36.54,91,99,Normal
37.23,104,98,Abnormal
36.58,82,96,Normal
37.84,76,94,Abnormal
36.56,76,98,Normal
36.93,39,94,Abnormal
37.36,86,100,Abnormal
35.95,77,97,Abnormal
35.74,81,99,Abnormal
35.88,64,96,Abnormal
37.56,69,98,Abnormal
36.47,69,97,Normal
38.33,90,97,Abnormal
36.46,69,96,Normal
36.91,106,98,Abnormal
37.73,81,95,Abnormal
38.0,56,95,Abnormal
38.04,73,99,Abnormal
37.53,65,98,Abnormal
37.41,42,97,Abnormal
37.16,99,100,Normal
37.27,86,96,Abnormal
36.47,83,100,Normal
36.31,77,97,Normal
36.8,54,95,Abnormal
36.7,68,101,Normal
36.53,88,99,Normal
37.22,59,97,Abnormal
37.37,37,98,Abnormal
36.85,72,96,Normal
37.69,73,99,Abnormal
36.11,77,92,Abnormal
36.68,86,95,Abnormal
36.37,85,99,Normal
35.68,79,97,Abnormal
36.75,93,97,Normal
36.73,52,94,Abnormal
37.71,83,101,Abnormal
37.18,84,99,Normal
36.19,56,97,Abnormal
37.91,52,96,Abnormal
37.53,64,99,Abnormal
37.15,65,101,Normal
36.66,86,99,Normal
36.22,66,101,Normal
36.58,62,95,Normal
37.45,66,95,Abnormal
37.93,92,95,Abnormal
37.73,75,98,Abnormal
36.51,72,97,Normal
36.13,73,97,Normal
36.88,94,99,Normal
35.74,64,99,Abnormal
36.99,95,94,Abnormal
36.71,78,96,Normal
36.52,73,99,Normal
35.84,113,96,Abnormal
37.11,59,95,Abnormal
36.48,70,99,Normal
36.1,57,94,Abnormal
35.08,89,96,Abnormal
36.78,100,98,Abnormal
37.86,100,96,Abnormal
37.8,93,99,Abnormal
36.53,72,96,Normal
36.44,70,100,Normal
37.08,50,97,Abnormal
36.2,106,98,Abnormal
36.98,82,98,Normal
37.26,68,96,Abnormal
37.54,95,93,Abnormal
36.74,60,98,Normal
36.68,81,97,Normal
36.27,72,98,Normal
36.3,85,97,Normal
36.66,74,96,Normal
37.02,53,101,Abnormal
37.35,76,94,Abnormal
36.32,91,98,Normal
37.7,75,96,Abnormal
36.64,87,96,Normal
36.79,59,96,Abnormal
36.35,75,95,Normal
35.35,66,98,Abnormal
37.33,86,100,Abnormal
37.24,75,98,Abnormal
36.63,85,97,Normal
36.84,91,95,Normal
37.11,85,98,Normal
35.86,79,101,Abnormal
36.48,60,96,Normal
37.28,75,96,Abnormal
36.05,67,96,Abnormal
36.98,70,96,Normal
35.99,69,92,Abnormal
37.08,60,98,Normal
36.78,46,95,Abnormal
35.83,65,94,Abnormal
37.5,78,99,Abnormal
36.36,55,95,Abnormal
36.31,75,96,Normal
36.92,104,100,Abnormal
37.49,90,94,Abnormal
36.19,100,94,Abnormal
36.84,81,98,Normal
37.06,93,99,Normal
37.22,64,94,Abnormal
36.91,65,98,Normal
36.58,34,98,Abnormal
36.3,93,93,Abnormal
36.85,98,99,Normal
36.16,67,99,Normal
35.05,71,96,Abnormal
37.06,64,100,Normal
37.34,81,99,Abnormal
35.38,92,97,Abnormal
36.19,49,96,Abnormal
37.17,81,95,Normal
38.03,71,97,Abnormal
36.81,77,98,Normal
36.36,82,96,Normal
36.69,72,93,Abnormal
37.62,73,100,Abnormal
36.41,72,97,Normal
36.32,90,96,Normal
36.51,81,99,Normal
36.23,78,100,Normal
36.87,56,91,Abnormal
37.77,69,98,Abnormal
36.99,88,94,Abnormal
36.65,76,98,Normal
36.62,85,97,Normal
35.86,101,98,Abnormal
37.33,91,96,Abnormal
36.75,76,93,Abnormal
36.69,67,96,Normal
38.72,37,98,Abnormal
36.98,72,99,Normal
36.35,70,95,Abnormal
36.54,81,99,Normal
37.49,73,96,Abnormal
36.87,70,98,Normal
35.94,48,96,Abnormal
37.35,61,97,Abnormal
36.4,82,99,Normal
37.92,101,95,Abnormal
37.45,74,96,Abnormal
36.53,80,97,Normal
37.57,89,102,Abnormal
36.84,63,95,Normal
37.31,81,101,Abnormal
37.09,64,101,Normal
36.29,88,97,Normal
36.41,77,96,Normal
37.42,79,96,Abnormal
36.6,63,97,Normal
36.56,86,94,Abnormal
36.23,106,97,Abnormal
37.05,60,100,Abnormal
38.04,70,96,Abnormal
36.16,78,97,Normal
36.81,87,94,Abnormal
37.65,67,98,Abnormal
36.75,33,98,Abnormal
37.07,95,97,Normal
36.16,86,97,Normal
37.06,49,96,Abnormal
36.69,66,98,Normal
37.39,99,97,Abnormal
37.51,97,98,Abnormal
38.35,89,97,Abnormal
37.15,72,99,Normal
37.0,76,98,Normal
36.92,73,97,Normal
36.59,92,100,Normal
37.0,62,98,Normal
36.62,63,100,Normal
36.9,90,98,Normal
37.59,74,93,Abnormal
36.2,96,100,Normal
37.48,65,97,Abnormal
37.59,74,97,Abnormal
36.73,61,98,Normal
35.53,75,96,Abnormal
36.44,53,97,Abnormal
37.58,68,96,Abnormal
36.79,53,100,Abnormal
36.2,85,97,Normal
36.5,86,96,Normal
37.3,49,95,Abnormal
37.13,95,98,Normal
36.66,112,97,Abnormal
36.58,76,98,Normal
36.56,65,95,Abnormal
36.25,117,94,Abnormal
37.77,55,98,Abnormal
36.61,75,100,Normal
37.53,78,95,Abnormal
37.71,95,100,Abnormal
37.4,80,98,Abnormal
36.54,68,97,Normal
37.04,61,96,Normal
36.79,70,94,Abnormal
36.26,60,99,Abnormal
36.99,76,95,Normal
36.09,67,95,Abnormal
37.51,53,99,Abnormal
36.52,94,93,Abnormal
36.92,68,94,Abnormal
36.97,56,97,Abnormal
36.64,72,98,Normal
37.15,76,98,Normal
36.52,49,96,Abnormal
37.32,80,102,Abnormal
35.99,59,97,Abnormal
36.88,101,97,Abnormal
37.96,83,95,Abnormal
36.2,69,97,Normal
36.39,64,98,Normal
37.11,73,99,Normal
36.91,84,94,Abnormal
37.01,75,97,Normal
37.09,72,98,Normal
37.18,76,98,Normal
37.47,66,97,Abnormal
37.05,70,98,Normal
36.66,44,95,Abnormal
37.2,90,100,Abnormal
37.94,79,99,Abnormal
36.72,63,94,Abnormal
36.22,103,95,Abnormal
37.46,76,95,Abnormal
36.73,59,98,Abnormal
35.5,88,94,Abnormal
37.31,81,96,Abnormal
36.48,81,98,Normal
36.75,69,97,Normal
37.0,82,98,Normal
36.91,71,95,Abnormal
37.23,83,98,Abnormal
36.54,46,96,Abnormal
37.11,68,96,Normal
36.64,101,97,Abnormal
37.24,63,97,Abnormal
37.17,66,97,Normal
36.24,68,95,Normal
37.45,57,96,Abnormal
36.48,42,97,Abnormal
37.28,72,94,Abnormal
37.02,77,96,Normal
37.9,74,98,Abnormal
36.67,73,94,Abnormal
36.59,76,99,Normal
36.79,90,100,Normal
36.62,72,95,Abnormal
37.28,66,100,Abnormal
35.83,71,97,Abnormal
36.17,84,98,Normal
36.16,96,96,Normal
37.37,66,99,Abnormal
37.83,76,98,Abnormal
36.74,80,95,Normal
36.7,60,95,Abnormal
36.84,75,94,Abnormal
37.5,53,97,Abnormal
36.24,48,98,Abnormal
36.94,81,98,Normal
37.39,69,97,Abnormal
37.1,78,95,Abnormal
36.91,75,96,Normal
37.4,60,99,Abnormal
35.18,74,96,Abnormal
37.21,57,97,Abnormal
36.41,96,95,Abnormal
35.7,55,98,Abnormal
37.11,72,96,Normal
37.62,59,99,Abnormal
36.72,84,99,Normal
37.37,70,96,Abnormal
37.77,67,97,Abnormal
37.59,88,96,Abnormal
37.78,75,94,Abnormal
37.25,83,95,Abnormal
36.85,60,97,Normal
35.84,54,98,Abnormal
36.65,77,97,Normal
36.29,70,96,Normal
38.1,84,99,Abnormal
36.69,74,97,Normal
36.87,78,98,Normal
37.13,51,93,Abnormal
36.83,103,89,Abnormal
37.82,73,98,Abnormal
36.43,85,94,Abnormal
36.92,62,97,Normal
36.35,80,96,Normal
36.01,55,100,Abnormal
36.43,82,98,Normal
36.78,70,97,Normal
36.54,75,99,Normal
36.38,85,98,Normal
35.96,57,96,Abnormal
36.75,65,99,Normal
35.9,82,95,Abnormal
37.26,106,98,Abnormal
36.85,73,94,Abnormal
35.93,84,97,Abnormal
36.61,73,97,Normal
36.35,104,100,Abnormal
36.99,49,94,Abnormal
37.6,76,96,Abnormal
35.67,51,99,Abnormal
36.87,37,98,Abnormal
36.7,79,97,Normal
37.2,77,95,Abnormal
36.93,71,96,Normal
36.35,73,99,Normal
36.61,121,97,Abnormal
36.32,71,98,Normal
37.45,83,97,Abnormal
36.81,65,95,Abnormal
37.94,79,99,Abnormal
36.76,71,98,Normal
36.37,69,102,Normal
35.89,102,95,Abnormal
35.72,93,99,Abnormal
35.85,77,94,Abnormal
36.96,40,97,Abnormal
37.11,70,99,Normal
35.85,116,93,Abnormal
37.34,72,97,Abnormal
36.51,92,96,Normal
36.89,97,96,Normal
37.77,78,98,Abnormal
37.34,62,99,Abnormal
36.64,38,97,Abnormal
36.27,85,97,Normal
35.51,63,97,Abnormal
36.37,78,97,Normal
36.67,56,95,Abnormal
36.21,71,99,Normal
36.72,76,98,Normal
36.85,79,98,Normal
36.67,58,95,Abnormal
36.41,93,96,Normal
36.9,66,97,Normal
37.07,50,94,Abnormal
36.15,73,94,Abnormal
37.65,76,96,Abnormal
36.74,77,98,Normal
36.81,95,96,Normal
37.22,71,95,Abnormal
36.94,73,95,Normal
37.37,58,96,Abnormal
36.97,87,96,Normal
36.43,78,101,Normal
37.02,69,99,Normal
36.11,46,99,Abnormal
36.87,97,99,Normal
36.78,57,95,Abnormal
36.68,66,95,Abnormal
36.72,80,95,Abnormal
35.67,57,100,Abnormal
36.47,53,96,Abnormal
36.86,43,94,Abnormal
36.9,86,96,Normal
36.18,67,97,Normal
37.56,119,98,Abnormal
36.28,60,98,Normal
37.38,61,95,Abnormal
37.06,67,98,Normal
36.41,79,96,Normal
37.87,68,97,Abnormal
36.08,84,98,Abnormal
37.35,60,96,Abnormal
37.4,54,96,Abnormal
36.4,48,98,Abnormal
37.64,42,95,Abnormal
36.65,67,96,Normal
36.97,70,98,Normal
36.96,66,101,Normal
36.72,94,98,Normal
37.29,93,98,Abnormal
37.28,70,98,Abnormal
35.75,48,95,Abnormal
37.58,66,97,Abnormal
35.8,66,97,Abnormal
37.42,65,98,Abnormal
37.48,65,97,Abnormal
36.15,65,98,Normal
36.55,69,96,Normal
36.14,65,97,Normal
36.67,78,95,Abnormal
36.62,80,96,Normal
37.27,61,100,Abnormal
37.59,94,98,Abnormal
37.64,60,97,Abnormal
36.46,51,101,Abnormal
36.67,81,94,Abnormal
35.79,63,95,Abnormal
36.32,80,100,Normal
37.38,39,97,Abnormal
37.77,96,97,Abnormal
36.06,85,95,Abnormal
36.44,52,98,Abnormal
36.78,53,98,Abnormal
36.97,100,95,Abnormal
36.31,64,97,Normal
37.05,62,96,Normal
36.52,41,98,Abnormal
36.79,70,95,Abnormal
37.13,72,100,Normal
36.8,86,99,Normal
36.54,54,96,Abnormal
36.73,52,97,Abnormal
36.75,82,97,Normal
36.58,90,95,Normal
36.64,51,96,Abnormal
37.76,91,96,Abnormal
37.14,76,100,Normal
36.62,91,99,Normal
37.22,74,99,Abnormal
36.6,37,98,Abnormal
37.5,73,95,Abnormal
37.02,91,97,Normal
36.74,62,99,Normal
37.07,69,94,Abnormal
35.86,72,98,Abnormal
36.12,32,102,Abnormal
36.08,100,99,Abnormal
36.89,61,100,Normal
37.84,83,97,Abnormal
38.14,74,99,Abnormal
37.18,94,96,Normal
37.1,81,99,Normal
35.72,71,98,Abnormal
36.47,62,98,Normal
36.33,87,100,Normal
36.43,47,96,Abnormal
36.7,85,97,Normal
36.52,59,97,Abnormal
35.61,94,95,Abnormal
37.25,77,97,Abnormal
36.16,85,94,Abnormal
36.94,76,99,Normal
38.04,49,97,Abnormal
36.25,62,96,Normal
35.28,85,95,Abnormal
36.63,77,97,Normal
37.46,93,98,Abnormal
37.98,81,98,Abnormal
36.06,60,96,Abnormal
37.1,63,95,Normal
36.52,77,98,Normal
36.74,40,96,Abnormal
38.39,100,97,Abnormal
35.9,82,97,Abnormal
36.95,93,98,Normal
37.08,51,99,Abnormal
37.45,94,94,Abnormal
36.86,108,93,Abnormal
36.98,55,96,Abnormal
36.57,87,101,Normal
36.96,75,101,Normal
36.59,52,101,Abnormal
37.17,82,97,Normal
36.58,88,93,Abnormal
37.03,66,92,Abnormal
36.78,92,96,Normal
37.48,50,97,Abnormal
36.77,53,100,Abnormal
35.74,77,99,Abnormal
37.56,75,97,Abnormal
36.26,64,95,Normal
36.41,87,95,Normal
36.44,83,98,Normal
37.62,88,98,Abnormal
35.52,73,98,Abnormal
38.68,84,95,Abnormal
37.43,68,98,Abnormal
36.93,106,98,Abnormal
36.77,63,95,Abnormal
36.97,107,95,Abnormal
37.11,76,98,Normal
37.19,54,97,Abnormal
37.13,96,100,Normal
36.85,77,98,Normal
36.68,88,96,Normal
36.71,93,97,Normal
36.68,80,97,Normal
37.48,66,96,Abnormal
37.16,90,95,Normal
35.04,75,98,Abnormal
37.19,85,99,Normal
36.92,43,98,Abnormal
36.79,82,100,Normal
36.57,65,96,Normal
37.47,100,100,Abnormal
37.37,84,95,Abnormal
36.34,79,95,Abnormal
37.04,82,93,Abnormal
36.22,60,96,Normal
35.97,99,96,Abnormal
36.42,105,98,Abnormal
37.32,81,97,Abnormal
37.37,99,95,Abnormal
37.11,66,96,Normal
37.24,63,96,Abnormal
37.11,76,93,Abnormal
36.42,82,95,Normal
37.06,69,95,Normal
37.28,83,100,Abnormal
37.25,80,97,Abnormal
37.51,60,98,Abnormal
37.22,83,94,Abnormal
37.01,88,99,Normal
37.44,78,100,Abnormal
36.78,92,93,Abnormal
36.27,57,96,Abnormal
36.7,82,98,Normal
36.35,57,98,Abnormal
36.39,58,96,Abnormal
36.71,66,96,Normal
36.32,61,96,Normal
36.62,67,97,Normal
35.66,72,99,Abnormal
36.93,88,95,Normal
36.8,70,99,Normal
36.31,51,95,Abnormal
37.2,92,95,Normal
37.36,62,99,Abnormal
35.84,74,99,Abnormal
36.34,82,99,Normal
36.34,78,94,Abnormal
36.24,91,96,Normal
37.3,82,99,Abnormal
36.68,62,97,Normal
36.64,108,95,Abnormal
35.6,78,98,Abnormal
37.18,73,96,Normal
36.06,89,101,Abnormal
36.84,79,100,Normal
36.97,81,98,Normal
37.62,112,100,Abnormal
36.01,71,97,Abnormal
34.99,70,99,Abnormal
36.91,77,100,Normal
37.88,91,97,Abnormal
37.54,52,96,Abnormal
36.93,46,94,Abnormal
36.51,66,97,Normal
37.28,50,99,Abnormal
36.22,69,99,Normal
37.09,83,98,Normal
37.1,62,96,Normal
37.44,54,93,Abnormal
38.46,76,96,Abnormal
37.04,88,96,Normal
36.49,50,96,Abnormal
36.78,87,98,Normal
35.74,87,101,Abnormal
36.38,89,97,Normal
36.55,93,97,Normal
36.49,108,96,Abnormal
36.89,70,97,Normal
36.31,77,95,Normal
37.47,69,97,Abnormal
36.8,75,98,Normal
36.79,98,97,Normal
36.6,55,98,Abnormal
36.89,62,98,Normal
37.3,96,93,Abnormal
36.28,90,98,Normal
36.41,70,96,Normal
36.62,88,95,Abnormal
35.99,80,95,Abnormal
36.31,98,98,Normal
36.51,76,97,Normal
37.32,90,94,Abnormal
36.96,115,98,Abnormal
36.92,84,94,Abnormal
37.31,76,97,Abnormal
36.72,86,97,Normal
37.03,70,99,Normal
36.74,111,101,Abnormal
36.96,78,94,Abnormal
36.45,71,97,Normal
35.34,62,96,Abnormal
36.72,91,98,Normal
37.65,88,97,Abnormal
37.36,68,96,Abnormal
37.38,84,96,Abnormal
37.54,52,95,Abnormal
36.85,78,99,Normal
36.92,82,98,Normal
36.43,101,99,Abnormal
36.61,63,96,Normal
37.17,56,96,Abnormal
37.52,62,95,Abnormal
36.72,55,98,Abnormal
36.53,95,95,Abnormal
36.8,98,101,Normal
37.16,80,94,Abnormal
35.93,93,98,Abnormal
35.42,77,100,Abnormal
36.47,74,98,Normal
36.07,70,97,Abnormal
36.5,70,95,Normal
36.71,52,94,Abnormal
36.53,79,99,Normal
37.67,74,100,Abnormal
37.0,86,96,Normal
36.98,76,95,Abnormal
37.17,73,92,Abnormal
36.12,62,95,Normal
37.42,76,97,Abnormal
36.75,86,100,Normal
37.2,58,98,Abnormal
36.16,76,98,Normal
35.87,78,96,Abnormal
37.29,64,96,Abnormal
37.03,66,100,Normal
36.26,78,97,Normal
36.28,58,93,Abnormal
37.48,80,96,Abnormal
36.09,62,95,Abnormal
37.79,91,96,Abnormal
36.26,110,98,Abnormal
37.18,62,97,Normal
36.6,83,97,Normal
37.16,64,100,Normal
36.47,91,96,Normal
36.7,56,101,Abnormal
36.82,82,96,Normal
36.2,62,97,Normal
37.24,72,96,Abnormal
36.49,60,97,Abnormal
36.66,87,98,Normal
36.2,62,98,Normal
35.26,83,95,Abnormal
36.69,70,95,Abnormal
38.25,73,102,Abnormal
37.27,77,96,Abnormal
36.79,64,98,Normal
36.64,78,94,Abnormal
36.81,98,96,Normal
37.13,63,97,Normal
36.09,93,98,Abnormal
37.47,97,92,Abnormal
37.23,63,97,Abnormal
37.23,53,95,Abnormal
37.06,80,98,Normal
36.81,67,95,Abnormal
37.2,103,95,Abnormal
37.16,76,96,Normal
36.59,63,95,Abnormal
36.46,58,96,Abnormal
36.86,91,95,Abnormal
37.73,66,93,Abnormal
36.06,76,99,Abnormal
35.92,89,94,Abnormal
36.9,68,97,Normal
36.83,74,99,Normal
36.9,75,96,Normal
36.95,85,95,Normal
36.67,84,97,Normal
37.69,72,99,Abnormal
35.84,76,95,Abnormal
36.3,69,97,Normal
36.74,53,94,Abnormal
35.81,79,96,Abnormal
36.69,103,97,Abnormal
37.8,62,95,Abnormal
36.81,63,96,Normal
36.94,62,94,Abnormal
36.04,86,97,Abnormal
36.43,82,99,Normal
36.57,73,95,Abnormal
36.61,61,96,Normal
37.57,76,98,Abnormal
37.13,52,99,Abnormal
36.13,77,94,Abnormal
36.95,88,97,Normal
37.1,56,98,Abnormal
37.48,52,97,Abnormal
37.75,99,92,Abnormal
36.19,66,98,Normal
36.31,92,100,Normal
36.05,73,97,Abnormal
36.66,73,95,Abnormal
37.08,82,96,Normal
37.39,62,101,Abnormal
36.75,77,99,Normal
36.61,69,98,Normal
36.89,55,98,Abnormal
36.3,80,96,Normal
38.05,71,97,Abnormal
35.84,73,97,Abnormal
36.91,57,98,Abnormal
38.01,99,100,Abnormal
36.8,88,99,Normal
36.69,89,94,Abnormal
36.59,70,97,Normal
36.69,49,98,Abnormal
37.62,104,98,Abnormal
35.47,74,96,Abnormal
37.72,64,103,Abnormal
35.95,81,94,Abnormal
36.64,93,95,Abnormal
36.54,75,97,Normal
37.15,94,101,Normal
35.84,91,95,Abnormal
37.08,59,96,Abnormal
38.01,65,99,Abnormal
35.98,89,97,Abnormal
36.91,34,96,Abnormal
36.4,73,98,Normal
37.06,54,98,Abnormal
36.81,68,99,Normal
36.42,71,100,Normal
37.09,70,98,Normal
37.88,67,98,Abnormal
36.69,59,97,Abnormal
37.23,109,98,Abnormal
36.02,103,97,Abnormal
36.23,58,97,Abnormal
37.08,99,99,Normal
37.69,69,100,Abnormal
37.01,77,94,Abnormal
36.61,74,97,Normal
36.8,65,96,Normal
36.05,90,96,Abnormal
37.16,77,98,Normal
37.33,68,98,Abnormal
36.53,55,97,Abnormal
36.52,62,93,Abnormal
36.96,50,95,Abnormal
36.54,75,99,Normal
36.76,57,92,Abnormal
38.06,71,99,Abnormal
36.65,96,98,Normal
36.58,93,100,Normal
36.41,75,97,Normal
37.25,74,93,Abnormal
36.69,103,98,Abnormal
36.41,83,100,Normal
37.59,70,99,Abnormal
37.65,54,96,Abnormal
36.44,81,97,Normal
35.68,87,96,Abnormal
37.4,66,95,Abnormal
36.39,79,99,Normal
37.27,70,95,Abnormal
35.62,72,95,Abnormal
37.34,38,95,Abnormal
36.07,72,94,Abnormal
37.24,90,97,Abnormal
36.81,66,99,Normal
36.23,76,97,Normal
36.56,64,94,Abnormal
37.21,80,99,Abnormal
36.86,72,100,Normal
37.15,61,96,Normal
37.99,95,96,Abnormal
35.86,89,98,Abnormal
37.77,66,100,Abnormal
36.86,82,96,Normal
36.26,83,94,Abnormal
36.0,85,98,Abnormal
36.69,50,99,Abnormal
37.35,90,97,Abnormal
36.72,66,96,Normal
37.71,70,99,Abnormal
35.93,115,98,Abnormal
36.79,80,95,Normal
36.05,69,97,Abnormal
37.02,42,94,Abnormal
37.33,96,98,Abnormal
36.55,55,96,Abnormal
35.24,60,96,Abnormal
36.92,70,97,Normal
37.06,96,97,Normal
37.04,87,99,Normal
37.54,73,98,Abnormal
36.16,80,97,Normal
37.21,66,99,Abnormal
37.52,77,98,Abnormal
35.73,76,96,Abnormal
36.99,90,97,Normal
36.5,90,97,Normal
36.75,82,98,Normal
37.01,70,96,Normal
36.51,86,96,Normal
36.39,74,101,Normal
36.82,59,99,Abnormal
36.15,69,95,Normal
36.15,76,98,Normal
37.21,89,97,Abnormal
36.11,72,98,Normal
37.2,57,97,Abnormal
37.08,76,99,Normal
35.76,77,98,Abnormal
36.39,78,97,Normal
37.52,89,99,Abnormal
36.21,90,97,Normal
36.52,66,97,Normal
37.08,66,98,Normal
37.27,59,97,Abnormal
36.65,85,97,Normal
36.44,97,96,Normal
37.65,70,95,Abnormal
37.84,71,95,Abnormal
37.39,97,94,Abnormal
36.85,83,95,Normal
36.32,82,97,Normal
36.3,57,97,Abnormal
37.11,85,96,Normal
37.05,61,92,Abnormal
37.64,58,100,Abnormal
37.19,70,99,Normal
35.9,66,98,Abnormal
37.43,72,101,Abnormal
36.2,53,95,Abnormal
36.57,89,101,Normal
36.95,92,95,Normal
38.0,46,97,Abnormal
38.67,90,94,Abnormal
37.16,63,97,Normal
36.69,88,98,Normal
37.12,74,97,Normal
37.33,75,98,Abnormal
36.61,72,97,Normal
37.88,93,96,Abnormal
36.94,56,96,Abnormal
37.1,84,99,Normal
37.2,92,96,Normal
37.05,86,99,Normal
37.3,110,99,Abnormal
36.43,67,94,Abnormal
36.47,89,99,Normal
36.14,73,101,Normal
37.06,94,98,Normal
37.27,75,98,Abnormal
37.07,69,99,Normal
37.8,95,96,Abnormal
36.8,68,97,Normal
37.2,54,94,Abnormal
36.14,67,97,Normal
36.57,84,98,Normal
37.22,96,98,Abnormal
37.31,77,99,Abnormal
36.62,95,95,Normal
36.76,55,96,Abnormal
35.89,68,101,Abnormal
36.59,71,97,Normal
37.33,73,97,Abnormal
37.15,76,97,Normal
37.1,85,95,Normal
36.83,68,100,Normal
36.8,77,96,Normal
36.4,74,95,Abnormal
37.22,61,96,Abnormal
37.05,73,93,Abnormal
37.1,73,96,Normal
36.48,73,95,Normal
35.51,75,98,Abnormal
37.46,76,96,Abnormal
36.51,69,99,Normal
36.28,94,100,Normal
37.22,57,99,Abnormal
36.56,64,97,Normal
37.44,117,97,Abnormal
37.17,59,94,Abnormal
37.21,55,97,Abnormal
35.98,86,95,Abnormal
37.53,44,98,Abnormal
36.96,71,102,Normal
36.58,107,98,Abnormal
36.89,52,93,Abnormal
35.73,45,96,Abnormal
37.05,53,97,Abnormal
36.18,88,97,Normal
35.99,92,96,Abnormal
35.89,67,97,Abnormal
37.47,85,95,Abnormal
36.42,96,95,Normal
37.72,102,98,Abnormal
36.48,71,95,Abnormal
35.78,40,98,Abnormal
36.13,63,94,Abnormal
37.54,69,101,Abnormal
36.71,71,95,Normal
36.47,72,97,Normal
36.9,92,98,Normal
37.1,94,96,Normal
37.47,72,97,Abnormal
37.67,91,98,Abnormal
36.58,80,99,Normal
36.0,76,99,Abnormal
36.55,89,97,Normal
36.96,76,97,Normal
36.22,106,102,Abnormal
36.23,53,99,Abnormal
37.01,67,95,Normal
36.77,73,97,Normal
36.82,82,96,Normal
36.34,94,97,Normal
36.66,75,95,Abnormal
36.25,54,96,Abnormal
37.33,88,101,Abnormal
37.42,86,98,Abnormal
35.69,46,92,Abnormal
36.24,75,99,Normal
35.9,51,99,Abnormal
36.41,65,96,Normal
36.75,61,98,Normal
35.93,87,95,Abnormal
36.25,77,96,Normal
36.2,56,100,Abnormal
36.92,88,96,Normal
36.84,53,93,Abnormal
36.37,80,97,Normal
36.91,63,97,Normal
36.47,70,99,Normal
36.64,83,97,Normal
37.8,83,96,Abnormal
37.6,95,99,Abnormal
36.02,74,97,Abnormal
37.3,80,95,Abnormal
37.29,68,99,Abnormal
36.11,78,97,Normal
37.29,82,97,Abnormal
37.72,74,97,Abnormal
36.13,48,95,Abnormal
36.25,80,96,Normal
37.41,80,97,Abnormal
36.96,65,97,Normal
37.13,56,100,Abnormal
37.0,97,97,Normal
37.03,82,99,Normal
36.0,72,97,Abnormal
37.43,58,99,Abnormal
37.5,63,98,Abnormal
36.66,95,97,Normal
36.77,77,97,Normal
35.88,67,95,Abnormal
37.11,83,98,Normal
37.14,63,97,Normal
36.76,98,96,Normal
37.47,95,99,Abnormal
36.6,68,94,Abnormal
37.14,66,96,Normal
36.19,36,99,Abnormal
36.79,53,98,Abnormal
36.7,55,97,Abnormal
36.94,77,98,Normal
36.58,70,97,Normal
36.72,55,94,Abnormal
37.3,71,96,Abnormal
36.54,83,100,Normal
35.84,83,96,Abnormal
37.85,47,96,Abnormal
37.63,73,96,Abnormal
36.02,54,97,Abnormal
37.21,89,96,Abnormal
36.5,87,98,Normal
36.96,62,97,Normal
36.98,64,99,Normal
36.66,68,95,Abnormal
36.33,41,96,Abnormal
36.39,80,97,Normal
36.25,71,98,Normal
36.3,90,95,Normal
36.76,59,99,Abnormal
36.37,66,99,Normal
37.21,52,95,Abnormal
37.69,60,96,Abnormal
36.45,57,96,Abnormal
36.94,90,102,Normal
37.1,65,96,Normal
37.08,77,100,Normal
36.85,69,94,Abnormal
37.25,56,95,Abnormal
37.09,72,96,Normal
36.06,84,95,Abnormal
37.32,57,96,Abnormal
37.33,87,96,Abnormal
36.34,62,95,Normal
36.82,68,99,Normal
37.21,83,99,Abnormal
36.67,65,99,Normal
37.44,76,98,Abnormal
38.22,70,97,Abnormal
36.33,77,96,Normal
35.97,39,95,Abnormal
36.98,48,98,Abnormal
37.23,84,95,Abnormal
36.66,91,95,Normal
37.67,61,99,Abnormal
36.0,71,101,Abnormal
37.22,79,98,Abnormal
36.44,85,99,Normal
37.83,45,97,Abnormal
38.0,62,94,Abnormal
36.34,70,98,Normal
36.47,86,98,Normal
37.32,112,97,Abnormal
36.57,72,97,Normal
36.77,54,99,Abnormal
36.82,81,95,Normal
35.65,95,95,Abnormal
36.79,77,95,Abnormal
36.39,61,97,Normal
36.5,89,95,Abnormal
37.67,85,96,Abnormal
36.05,60,96,Abnormal
37.29,81,96,Abnormal
36.63,90,94,Abnormal
36.63,93,97,Normal
37.27,74,99,Abnormal
37.0,70,97,Normal
37.14,93,100,Normal
37.38,57,100,Abnormal
36.6,82,99,Normal
36.43,54,97,Abnormal
36.15,91,97,Normal
36.3,71,99,Normal
38.57,94,96,Abnormal
37.55,82,93,Abnormal
35.99,57,98,Abnormal
36.01,96,95,Abnormal
37.09,98,95,Normal
37.13,88,97,Normal
37.13,64,97,Normal
36.65,70,94,Abnormal
36.72,77,97,Normal
37.0,64,99,Normal
36.85,100,95,Abnormal
35.47,77,100,Abnormal
36.66,34,94,Abnormal
36.29,80,101,Normal
36.91,70,96,Normal
38.59,74,97,Abnormal
37.02,69,93,Abnormal
36.61,87,97,Normal
37.35,92,97,Abnormal
37.09,79,97,Normal
37.05,70,96,Normal
37.16,74,95,Normal
38.03,75,99,Abnormal
36.12,63,97,Normal
37.08,84,100,Normal
36.24,82,96,Normal
37.13,98,96,Normal
36.25,94,99,Normal
36.55,65,94,Abnormal
36.62,87,95,Abnormal
37.39,61,99,Abnormal
37.35,85,95,Abnormal
36.05,67,93,Abnormal
36.83,60,101,Abnormal
36.37,79,94,Abnormal
36.04,35,97,Abnormal
36.67,49,97,Abnormal
36.61,72,91,Abnormal
38.26,76,96,Abnormal
37.06,69,98,Normal
35.97,51,98,Abnormal
36.46,63,99,Normal
37.41,81,96,Abnormal
38.05,84,98,Abnormal
35.85,75,96,Abnormal
35.67,92,94,Abnormal
37.92,81,94,Abnormal
37.03,64,94,Abnormal
36.28,71,99,Normal
37.12,54,94,Abnormal
35.22,73,98,Abnormal
36.8,92,96,Normal
37.0,85,97,Normal
37.35,96,100,Abnormal
36.19,70,96,Normal
36.85,95,98,Normal
36.24,72,97,Normal
36.95,97,97,Normal
36.26,75,102,Normal
36.56,86,94,Abnormal
36.2,97,100,Normal
37.19,72,98,Normal
37.32,78,96,Abnormal
36.66,94,100,Normal
36.82,73,93,Abnormal
35.93,55,96,Abnormal
36.62,107,95,Abnormal
36.77,68,98,Normal
38.37,77,95,Abnormal
36.13,92,98,Normal
37.68,66,97,Abnormal
37.4,60,96,Abnormal
36.97,79,98,Normal
37.86,48,96,Abnormal
37.02,71,95,Abnormal
37.03,79,103,Normal
36.77,71,96,Normal
37.53,52,93,Abnormal
37.46,99,95,Abnormal
36.42,77,94,Abnormal
36.01,96,99,Abnormal
36.68,71,98,Normal
36.32,62,98,Normal
36.76,79,96,Normal
37.54,72,96,Abnormal
36.53,57,96,Abnormal
36.77,97,97,Normal
36.83,66,99,Normal
37.31,47,98,Abnormal
35.45,95,98,Abnormal
36.44,67,98,Normal
36.93,66,99,Normal
37.52,49,98,Abnormal
36.5,101,98,Abnormal
35.67,56,99,Abnormal
37.17,76,96,Normal
36.42,89,95,Normal
36.09,81,95,Abnormal
36.43,74,97,Normal
36.69,49,93,Abnormal
36.44,63,98,Normal
35.48,78,97,Abnormal
37.34,63,99,Abnormal
37.56,78,96,Abnormal
37.19,85,97,Normal
36.12,89,99,Normal
36.68,57,100,Abnormal
36.8,108,96,Abnormal
37.16,87,97,Normal
37.2,75,98,Abnormal
36.36,91,98,Normal
36.85,110,96,Abnormal
37.07,53,100,Abnormal
37.67,72,93,Abnormal
37.22,39,96,Abnormal
37.27,78,98,Abnormal
36.85,80,98,Normal
37.65,74,100,Abnormal
37.05,65,99,Normal
36.28,44,96,Abnormal
37.64,81,100,Abnormal
37.22,97,96,Abnormal
36.53,66,99,Normal
36.51,82,101,Normal
36.98,51,99,Abnormal
37.08,82,97,Normal
36.92,69,96,Normal
36.99,64,94,Abnormal
37.82,64,98,Abnormal
37.44,69,95,Abnormal
36.91,81,95,Normal
37.36,55,95,Abnormal
36.18,69,96,Normal
37.04,74,97,Normal
37.89,59,98,Abnormal
36.67,102,96,Abnormal
36.29,62,99,Normal
36.41,65,97,Normal
36.15,60,95,Normal
36.33,102,97,Abnormal
36.58,83,101,Normal
35.96,61,98,Abnormal
36.81,92,96,Normal
37.34,78,94,Abnormal
36.26,79,97,Normal
37.71,70,97,Abnormal
37.11,64,96,Normal
37.42,80,94,Abnormal
36.41,67,95,Normal
37.31,102,100,Abnormal
36.14,56,100,Abnormal
37.33,98,95,Abnormal
36.9,73,98,Normal
37.13,79,95,Abnormal
36.09,87,100,Abnormal
36.26,66,97,Normal
37.16,88,99,Normal
36.23,34,94,Abnormal
37.08,64,98,Normal
35.98,61,97,Abnormal
37.31,56,99,Abnormal
36.06,72,99,Abnormal
37.13,81,97,Normal
37.18,86,96,Normal
36.38,79,99,Normal
37.15,65,97,Normal
36.96,81,95,Normal
36.48,77,95,Normal
36.19,89,94,Abnormal
35.62,87,96,Abnormal
37.01,75,99,Normal
35.86,62,97,Abnormal
36.86,65,96,Normal
36.64,67,99,Normal
37.21,70,95,Abnormal
36.62,79,97,Normal
36.6,86,97,Normal
37.24,74,99,Abnormal
37.0,75,94,Abnormal
36.99,77,95,Normal
37.08,67,94,Abnormal
35.88,61,96,Abnormal
37.25,49,99,Abnormal
37.17,65,96,Normal
36.19,82,96,Normal
36.65,64,99,Normal
36.78,71,99,Normal
36.72,82,97,Normal
37.0,83,98,Normal
37.66,59,95,Abnormal
37.45,90,100,Abnormal
36.01,92,101,Abnormal
37.17,58,98,Abnormal
37.6,63,93,Abnormal
37.03,93,96,Normal
37.45,73,98,Abnormal
38.01,42,96,Abnormal
37.41,54,100,Abnormal
36.95,71,98,Normal
37.43,58,96,Abnormal
36.89,69,97,Normal
36.81,75,95,Normal
36.59,97,97,Normal
37.74,71,96,Abnormal
36.31,91,99,Normal
37.72,96,101,Abnormal
37.1,97,94,Abnormal
35.96,79,93,Abnormal
37.02,46,97,Abnormal
35.54,82,94,Abnormal
37.18,91,97,Normal
37.33,74,98,Abnormal
36.44,101,100,Abnormal
36.87,88,97,Normal
37.97,84,97,Abnormal
36.5,91,93,Abnormal
36.16,80,97,Normal
37.69,38,97,Abnormal
37.98,68,98,Abnormal
36.8,93,96,Normal
37.41,63,96,Abnormal
37.6,72,94,Abnormal
36.35,59,92,Abnormal
36.51,102,95,Abnormal
37.54,100,94,Abnormal
37.81,62,98,Abnormal
37.14,77,96,Normal
36.27,65,96,Normal
37.99,84,95,Abnormal
36.48,83,91,Abnormal
36.6,87,100,Normal
37.01,80,95,Abnormal
37.73,119,96,Abnormal
37.31,60,94,Abnormal
37.05,49,99,Abnormal
37.08,69,97,Normal
36.83,51,95,Abnormal
37.13,53,96,Abnormal
35.28,60,100,Abnormal
36.62,61,97,Normal
36.94,61,97,Normal
36.11,83,95,Normal
37.03,67,93,Abnormal
36.68,72,97,Normal
37.85,88,98,Abnormal
37.74,64,99,Abnormal
36.52,71,93,Abnormal
36.71,80,95,Abnormal
36.76,46,96,Abnormal
36.53,39,97,Abnormal
36.92,80,97,Normal
36.35,82,97,Normal
36.12,106,98,Abnormal
37.17,77,95,Normal
37.18,87,99,Normal
36.32,72,98,Normal
37.34,79,96,Abnormal
36.42,100,100,Abnormal
36.95,43,100,Abnormal
37.29,81,99,Abnormal
36.78,107,91,Abnormal
37.07,79,100,Normal
36.49,100,99,Normal
36.68,66,101,Normal
36.68,75,99,Normal
36.35,76,100,Normal
36.69,42,99,Abnormal
35.87,57,100,Abnormal
36.51,59,101,Abnormal
36.63,87,97,Normal
36.65,88,94,Abnormal
36.66,80,96,Normal
36.76,87,98,Normal
37.09,73,97,Normal
37.32,93,95,Abnormal
36.41,75,94,Abnormal
36.08,76,96,Abnormal
36.17,71,99,Normal
36.51,85,100,Normal
36.59,69,99,Normal
36.34,90,99,Normal
36.02,58,97,Abnormal
36.53,59,94,Abnormal
36.91,85,96,Normal
37.16,74,96,Normal
36.47,68,96,Normal
36.55,88,97,Normal
36.24,66,98,Normal
36.78,72,99,Normal
36.29,96,96,Normal
37.14,98,93,Abnormal
35.73,99,96,Abnormal
36.58,71,97,Normal
36.98,93,99,Normal
36.91,61,96,Normal
38.42,61,98,Abnormal
37.01,40,98,Abnormal
36.2,100,97,Abnormal
36.74,62,99,Normal
35.73,73,96,Abnormal
36.75,61,96,Normal
36.3,85,97,Normal
37.35,69,96,Abnormal
36.47,55,98,Abnormal
36.73,82,96,Normal
36.42,53,97,Abnormal
37.84,62,97,Abnormal
36.61,43,97,Abnormal
37.9,54,96,Abnormal
37.29,78,96,Abnormal
37.09,46,97,Abnormal
37.02,53,97,Abnormal
37.04,75,97,Normal
35.64,67,100,Abnormal
36.63,105,95,Abnormal
37.31,103,97,Abnormal
36.77,62,94,Abnormal
35.96,83,98,Abnormal
36.77,86,95,Abnormal
37.82,66,96,Abnormal
37.55,53,96,Abnormal
36.76,75,98,Normal
37.37,72,96,Abnormal
36.58,68,96,Normal
35.78,82,100,Abnormal
36.25,64,98,Normal
37.74,58,96,Abnormal
36.64,77,96,Normal
36.65,81,100,Normal
36.62,57,97,Abnormal
37.94,89,96,Abnormal
37.78,48,96,Abnormal
38.13,66,96,Abnormal
36.7,71,96,Normal
36.98,65,94,Abnormal
35.89,67,95,Abnormal
37.69,103,95,Abnormal
36.1,62,98,Abnormal
36.93,112,96,Abnormal
36.14,82,97,Normal
36.45,76,100,Normal
36.3,82,100,Normal
36.44,113,96,Abnormal
36.48,60,96,Normal
36.47,58,95,Abnormal
37.3,64,98,Abnormal
36.14,75,97,Normal
36.93,49,96,Abnormal
37.53,75,95,Abnormal
36.49,100,95,Abnormal
36.37,77,98,Normal
36.66,71,94,Abnormal
37.51,66,99,Abnormal
36.92,88,96,Normal
36.48,63,97,Normal
37.09,103,94,Abnormal
36.14,104,97,Abnormal
37.21,79,96,Abnormal
37.05,75,97,Normal
36.62,90,100,Normal
36.3,91,97,Normal
36.27,63,95,Normal
37.12,67,96,Normal
37.54,55,98,Abnormal
36.42,81,100,Normal
37.08,85,98,Normal
35.55,55,98,Abnormal
36.45,68,98,Normal
36.78,55,100,Abnormal
36.25,62,93,Abnormal
36.24,83,98,Normal
36.4,64,99,Normal
36.98,70,94,Abnormal
36.69,51,95,Abnormal
35.46,78,95,Abnormal
35.53,74,96,Abnormal
36.44,64,96,Normal
37.07,72,97,Normal
35.15,78,99,Abnormal
36.5,63,99,Normal
36.48,53,95,Abnormal
37.63,102,95,Abnormal
36.57,66,100,Normal
37.03,74,98,Normal
36.88,90,97,Normal
35.52,128,98,Abnormal
37.26,56,97,Abnormal
36.93,82,98,Normal
37.1,64,96,Normal
39.16,67,98,Abnormal
35.55,64,94,Abnormal
37.83,58,96,Abnormal
36.63,74,96,Normal
36.97,53,96,Abnormal
36.77,89,95,Normal
36.55,76,96,Normal
36.46,81,94,Abnormal
37.0,68,98,Normal
35.89,69,97,Abnormal
37.25,79,94,Abnormal
36.55,58,95,Abnormal
36.12,70,98,Normal
36.53,62,96,Normal
37.55,62,96,Abnormal
36.48,43,97,Abnormal
37.02,95,98,Normal
36.36,65,94,Abnormal
37.25,92,98,Abnormal
37.21,91,95,Abnormal
37.91,56,97,Abnormal
36.69,59,97,Abnormal
37.2,113,96,Abnormal
36.86,101,95,Abnormal
37.58,75,96,Abnormal
36.37,79,100,Normal
37.25,66,94,Abnormal
36.68,81,100,Normal
36.76,64,96,Normal
36.86,45,97,Abnormal
36.95,55,95,Abnormal
36.73,75,95,Normal
36.93,58,96,Abnormal
37.75,74,95,Abnormal
37.39,59,97,Abnormal
37.32,63,96,Abnormal
36.53,88,101,Normal
36.27,79,95,Abnormal
37.37,75,97,Abnormal
37.33,88,97,Abnormal
37.68,82,95,Abnormal
36.44,97,98,Normal
36.66,68,96,Normal
35.82,69,92,Abnormal
36.56,55,98,Abnormal
37.4,69,95,Abnormal
36.52,89,95,Abnormal
37.18,94,98,Normal
36.69,89,96,Normal
36.99,48,99,Abnormal
36.11,91,99,Normal
36.85,47,96,Abnormal
35.01,88,99,Abnormal
36.69,69,95,Normal
35.82,86,101,Abnormal
37.52,55,96,Abnormal
37.27,93,99,Abnormal
37.08,53,99,Abnormal
37.71,65,98,Abnormal
36.23,60,96,Normal
37.85,49,97,Abnormal
37.36,76,93,Abnormal
36.66,102,97,Abnormal
37.48,115,98,Abnormal
36.14,76,97,Normal
36.31,92,91,Abnormal
36.43,78,94,Abnormal
36.48,82,96,Normal
36.17,70,98,Normal
37.53,78,98,Abnormal
36.64,83,97,Normal
37.01,66,98,Normal
36.46,74,95,Abnormal
35.71,74,98,Abnormal
36.96,87,98,Normal
35.65,59,98,Abnormal
36.76,74,97,Normal
35.98,104,101,Abnormal
37.99,92,98,Abnormal
37.35,95,95,Abnormal
36.86,75,97,Normal
37.56,80,99,Abnormal
36.29,90,96,Normal
37.13,98,99,Normal
36.92,46,98,Abnormal
36.96,55,92,Abnormal
37.56,95,98,Abnormal
37.24,71,96,Abnormal
36.97,65,98,Normal
35.81,56,99,Abnormal
36.22,67,97,Normal
36.73,54,100,Abnormal
36.86,106,97,Abnormal
36.12,75,98,Normal
38.25,74,99,Abnormal
37.71,84,97,Abnormal
37.16,89,99,Normal
36.84,89,96,Normal
36.67,91,96,Normal
36.23,66,94,Abnormal
36.85,71,97,Normal
36.95,87,98,Normal
36.05,67,99,Abnormal
37.0,75,99,Normal
36.71,81,96,Normal
35.66,87,95,Abnormal
36.28,48,98,Abnormal
36.55,86,99,Normal
37.93,71,99,Abnormal
37.13,86,99,Normal
36.0,87,97,Abnormal
37.09,99,96,Normal
35.87,95,96,Abnormal
37.45,95,97,Abnormal
36.52,97,97,Normal
36.74,79,97,Normal
37.6,75,97,Abnormal
36.03,88,97,Abnormal
35.96,86,95,Abnormal
36.45,70,99,Normal
37.42,81,97,Abnormal
35.89,74,97,Abnormal
35.1,62,96,Abnormal
36.53,94,94,Abnormal
37.13,76,100,Normal
37.52,106,98,Abnormal
36.52,51,94,Abnormal
36.55,67,99,Normal
37.49,75,99,Abnormal
35.68,92,97,Abnormal
36.57,81,100,Normal
36.91,80,97,Normal
37.07,58,94,Abnormal
36.49,58,98,Abnormal
36.82,80,97,Normal
35.31,55,96,Abnormal
36.41,67,98,Normal
37.07,83,94,Abnormal
36.21,60,99,Normal
36.84,99,95,Normal
37.07,93,95,Normal
36.59,51,97,Abnormal
36.9,61,98,Normal
36.22,41,97,Abnormal
36.68,63,96,Normal
37.17,86,96,Normal
36.89,69,95,Abnormal
36.45,82,97,Normal
36.93,52,99,Abnormal
37.23,87,97,Abnormal
35.57,67,99,Abnormal
37.5,75,100,Abnormal
36.6,74,96,Normal
37.06,56,97,Abnormal
37.52,58,101,Abnormal
35.98,90,100,Abnormal
36.37,81,94,Abnormal
36.63,91,98,Normal
36.33,80,97,Normal
37.84,77,99,Abnormal
36.29,49,96,Abnormal
36.47,71,95,Normal
36.92,75,96,Normal
36.08,104,96,Abnormal
36.56,85,99,Normal
36.99,98,95,Abnormal
36.6,84,96,Normal
36.74,64,93,Abnormal
36.48,77,99,Normal
35.89,79,100,Abnormal
36.99,61,96,Normal
37.85,69,96,Abnormal
36.81,72,98,Normal
36.94,99,100,Normal
37.22,44,98,Abnormal
36.04,93,96,Abnormal
37.82,61,94,Abnormal
36.92,54,95,Abnormal
37.78,93,97,Abnormal
36.36,86,96,Normal
37.89,94,97,Abnormal
37.27,87,96,Abnormal
37.13,106,95,Abnormal
36.94,83,95,Abnormal
36.65,73,100,Normal
37.52,80,99,Abnormal
36.88,94,100,Normal
35.62,63,98,Abnormal
36.13,65,96,Normal
36.69,70,100,Normal
36.99,43,97,Abnormal
36.77,77,97,Normal
37.53,47,97,Abnormal
35.63,76,91,Abnormal
36.89,88,100,Normal
35.71,68,98,Abnormal
37.26,100,98,Abnormal
36.74,53,97,Abnormal
37.05,93,97,Normal
36.28,85,96,Normal
37.57,49,98,Abnormal
37.43,116,94,Abnormal
37.15,74,97,Normal
36.72,62,98,Normal
37.15,54,97,Abnormal
36.38,72,98,Normal
37.31,73,95,Abnormal
37.79,77,95,Abnormal
37.44,71,97,Abnormal
36.36,84,98,Normal
37.02,69,93,Abnormal
36.02,46,98,Abnormal
37.14,73,96,Normal
37.07,39,97,Abnormal
35.68,80,94,Abnormal
36.1,60,95,Normal
36.63,77,99,Normal
36.62,95,97,Normal
36.07,61,96,Abnormal
37.03,91,97,Normal
36.95,68,98,Normal
36.68,101,98,Abnormal
36.35,70,97,Normal
37.43,62,99,Abnormal
37.79,85,99,Abnormal
36.51,68,98,Normal
36.43,62,97,Normal
37.09,68,98,Normal
36.59,74,98,Normal
36.72,95,99,Normal
37.24,46,99,Abnormal
35.65,75,95,Abnormal
37.59,84,95,Abnormal
36.84,78,96,Normal
36.55,95,99,Normal
36.75,74,94,Abnormal
36.78,72,98,Normal
35.76,84,98,Abnormal
37.7,76,99,Abnormal
36.82,69,97,Normal
37.07,83,94,Abnormal
37.37,65,95,Abnormal
36.19,66,95,Abnormal
37.08,67,96,Normal
36.64,95,97,Normal
37.31,27,95,Abnormal
35.52,81,100,Abnormal
36.74,76,94,Abnormal
36.44,50,100,Abnormal
37.06,80,99,Normal
37.08,82,99,Normal
36.38,84,96,Normal
36.37,35,98,Abnormal
36.73,95,94,Abnormal
36.26,64,99,Normal
37.31,85,97,Abnormal
36.58,86,96,Normal
35.06,62,95,Abnormal
36.58,85,92,Abnormal
36.18,69,95,Abnormal
35.82,44,99,Abnormal
36.06,93,96,Abnormal
36.87,63,97,Normal
37.6,62,98,Abnormal
36.99,69,101,Normal
36.44,79,100,Normal
37.07,74,95,Normal
36.52,83,93,Abnormal
36.38,55,102,Abnormal
36.11,64,102,Normal
35.75,73,97,Abnormal
36.57,103,94,Abnormal
36.89,73,99,Normal
36.74,91,97,Normal
36.55,76,97,Normal
36.23,68,99,Normal
37.16,71,98,Normal
36.01,72,95,Abnormal
37.27,84,96,Abnormal
36.2,96,98,Normal
36.35,80,98,Normal
35.92,93,98,Abnormal
36.5,61,99,Normal
37.39,69,96,Abnormal
37.11,64,97,Normal
37.39,80,90,Abnormal
37.11,70,96,Normal
36.14,86,99,Normal
36.6,61,96,Normal
36.33,76,96,Normal
37.6,85,95,Abnormal
36.08,44,99,Abnormal
37.34,107,98,Abnormal
37.34,71,99,Abnormal
37.9,45,94,Abnormal
36.55,77,97,Normal
37.23,76,96,Abnormal
38.17,74,96,Abnormal
36.43,90,96,Normal
35.88,86,96,Abnormal
35.67,79,99,Abnormal
37.23,82,93,Abnormal
35.67,73,101,Abnormal
36.58,102,98,Abnormal
37.06,53,97,Abnormal
36.91,77,99,Normal
37.06,76,94,Abnormal
36.93,87,96,Normal
37.57,62,97,Abnormal
36.23,49,100,Abnormal
36.39,77,97,Normal
36.34,79,98,Normal
37.3,97,96,Abnormal
37.34,56,98,Abnormal
37.07,92,100,Normal
37.51,111,99,Abnormal
36.09,69,97,Abnormal
37.8,56,98,Abnormal
37.71,69,98,Abnormal
37.24,75,98,Abnormal
37.87,83,99,Abnormal
35.81,66,99,Abnormal
36.49,98,97,Normal
36.36,58,98,Abnormal
37.23,49,96,Abnormal
36.17,92,95,Normal
37.25,41,96,Abnormal
37.62,72,97,Abnormal
37.22,122,94,Abnormal
36.97,75,99,Normal
36.21,58,91,Abnormal
36.29,74,102,Normal
37.55,74,100,Abnormal
37.27,77,96,Abnormal
36.78,85,97,Normal
36.55,59,98,Abnormal
35.58,100,96,Abnormal
36.16,79,97,Normal
37.95,86,97,Abnormal
36.03,66,97,Abnormal
36.91,94,97,Normal
37.4,71,94,Abnormal
36.05,79,97,Abnormal
36.91,61,97,Normal
37.36,60,97,Abnormal
36.81,85,97,Normal
38.52,68,99,Abnormal
35.8,62,96,Abnormal
37.44,65,97,Abnormal
36.7,85,100,Normal
37.26,66,97,Abnormal
37.06,73,97,Normal
36.36,75,97,Normal
36.94,46,99,Abnormal
35.69,53,96,Abnormal
37.16,80,100,Normal
36.98,64,97,Normal
37.18,91,95,Normal
37.43,90,98,Abnormal
37.02,86,96,Normal
36.89,102,98,Abnormal
36.27,74,92,Abnormal
36.37,85,97,Normal
37.51,66,96,Abnormal
37.66,112,95,Abnormal
36.66,105,96,Abnormal
36.83,75,96,Normal
36.26,81,97,Normal
37.5,95,94,Abnormal
37.2,73,98,Normal
37.96,65,100,Abnormal
36.27,88,98,Normal
36.57,76,99,Normal
36.94,78,99,Normal
37.19,62,99,Normal
36.67,49,101,Abnormal
36.28,79,96,Normal
37.33,89,96,Abnormal
37.23,72,99,Abnormal
36.25,97,98,Normal
37.61,64,99,Abnormal
37.5,59,101,Abnormal
36.88,74,97,Normal
36.85,74,98,Normal
37.13,87,95,Normal
36.28,63,101,Normal
36.82,96,96,Normal
35.51,105,96,Abnormal
37.33,74,96,Abnormal
35.86,94,96,Abnormal
37.7,59,96,Abnormal
36.6,91,96,Normal
36.67,91,94,Abnormal
36.42,88,95,Normal
36.63,75,101,Normal
37.65,31,98,Abnormal
35.31,65,99,Abnormal
37.57,66,99,Abnormal
37.0,60,101,Normal
36.08,77,93,Abnormal
36.15,69,95,Abnormal
37.81,63,95,Abnormal
36.23,59,96,Abnormal
36.11,64,96,Normal
37.48,92,96,Abnormal
37.0,65,97,Normal
36.24,67,97,Normal
36.93,68,96,Normal
36.18,80,93,Abnormal
37.46,82,95,Abnormal
37.44,29,96,Abnormal
37.12,90,97,Normal
37.02,97,95,Abnormal
37.86,59,96,Abnormal
36.8,60,95,Abnormal
36.09,68,97,Abnormal
37.07,64,95,Abnormal
38.05,78,95,Abnormal
36.19,46,94,Abnormal
36.58,58,97,Abnormal
37.05,98,95,Normal
36.77,61,99,Normal
36.21,94,98,Normal
37.47,80,97,Abnormal
38.19,48,95,Abnormal
36.92,85,98,Normal
36.26,73,98,Normal
35.87,68,97,Abnormal
36.95,79,100,Normal
37.46,82,98,Abnormal
37.09,86,99,Normal
36.8,93,97,Normal
36.45,81,98,Normal
36.14,54,95,Abnormal
37.3,68,96,Abnormal
37.35,119,98,Abnormal
35.87,86,98,Abnormal
37.75,111,98,Abnormal
37.14,96,99,Normal
37.64,79,94,Abnormal
35.99,80,95,Abnormal
35.98,74,97,Abnormal
36.71,49,96,Abnormal
37.1,75,104,Normal
37.88,93,98,Abnormal
37.22,66,97,Abnormal
36.65,81,96,Normal
36.18,88,96,Normal
37.54,61,97,Abnormal
36.22,68,97,Normal
37.78,60,96,Abnormal
36.63,63,96,Normal
37.75,56,100,Abnormal
37.21,61,100,Abnormal
36.72,96,98,Normal
36.49,61,94,Abnormal
36.6,77,98,Normal
37.06,67,100,Normal
36.85,93,100,Normal
36.44,95,98,Normal
36.7,88,100,Normal
36.85,80,97,Normal
35.52,72,98,Abnormal
37.07,57,96,Abnormal
36.21,104,98,Abnormal
36.11,64,100,Normal
35.79,85,96,Abnormal
35.72,91,95,Abnormal
35.99,67,97,Abnormal
36.37,91,97,Normal
37.97,86,98,Abnormal
36.48,101,96,Abnormal
36.91,68,100,Normal
37.04,56,94,Abnormal
36.88,67,100,Normal
36.75,78,95,Normal
36.08,76,93,Abnormal
37.67,69,97,Abnormal
37.88,46,96,Abnormal
35.79,82,95,Abnormal
36.19,105,94,Abnormal
36.63,82,97,Normal
36.22,84,99,Normal
37.1,84,98,Normal
36.36,81,97,Normal
38.1,89,98,Abnormal
37.51,81,97,Abnormal
36.93,70,94,Abnormal
37.42,63,94,Abnormal
37.46,71,97,Abnormal
36.46,80,97,Normal
36.31,70,99,Normal
36.85,80,99,Normal
37.32,82,98,Abnormal
36.88,87,96,Normal
35.85,94,94,Abnormal
36.32,76,98,Normal
36.76,55,98,Abnormal
36.75,70,92,Abnormal
37.98,76,95,Abnormal
35.97,47,96,Abnormal
37.1,96,97,Normal
37.69,77,95,Abnormal
38.16,81,97,Abnormal
36.56,95,97,Normal
37.09,66,97,Normal
37.14,84,96,Normal
36.92,73,96,Normal
36.74,72,95,Abnormal
37.06,63,98,Normal
35.28,100,98,Abnormal
37.21,69,95,Abnormal
36.88,85,100,Normal
36.67,47,96,Abnormal
38.03,93,100,Abnormal
36.4,91,96,Normal
36.56,76,93,Abnormal
37.99,72,98,Abnormal
36.3,81,97,Normal
36.47,109,97,Abnormal
36.71,49,96,Abnormal
37.3,87,97,Abnormal
36.92,61,96,Normal
36.02,75,96,Abnormal
36.48,71,99,Normal
36.44,69,97,Normal
36.75,75,98,Normal
37.06,58,97,Abnormal
37.05,90,96,Normal
35.73,48,95,Abnormal
37.44,83,96,Abnormal
36.95,70,90,Abnormal
37.63,57,96,Abnormal
37.07,78,97,Normal
37.46,52,98,Abnormal
37.08,76,96,Normal
37.61,54,98,Abnormal
37.11,82,93,Abnormal
36.74,61,97,Normal
38.16,68,94,Abnormal
37.33,79,95,Abnormal
37.14,63,97,Normal
36.03,74,100,Abnormal
36.03,52,98,Abnormal
36.98,84,97,Normal
36.89,101,97,Abnormal
36.43,117,96,Abnormal
36.88,76,96,Normal
37.75,87,98,Abnormal
37.22,48,94,Abnormal
36.12,98,98,Normal
36.73,87,96,Normal
36.32,68,99,Normal
36.57,94,99,Normal
36.55,71,94,Abnormal
36.51,68,96,Normal
36.05,82,95,Abnormal
36.72,59,93,Abnormal
36.46,90,95,Abnormal
35.04,59,102,Abnormal
38.03,59,98,Abnormal
37.45,61,101,Abnormal
36.57,86,99,Normal
36.81,66,96,Normal
36.1,55,96,Abnormal
37.82,66,98,Abnormal
37.94,75,98,Abnormal
36.89,57,96,Abnormal
37.41,58,94,Abnormal
36.91,107,104,Abnormal
36.0,62,97,Abnormal
36.55,70,96,Normal
36.88,69,97,Normal
36.53,69,97,Normal
36.67,84,97,Normal
36.75,89,100,Normal
36.75,70,97,Normal
36.83,56,95,Abnormal
36.16,94,97,Normal
36.37,74,96,Normal
36.03,101,100,Abnormal
37.39,41,99,Abnormal
35.54,78,97,Abnormal
37.49,104,94,Abnormal
37.63,70,95,Abnormal
36.62,72,97,Normal
35.24,79,98,Abnormal
36.58,67,96,Normal
36.76,70,96,Normal
36.19,70,96,Normal
36.49,66,97,Normal
37.72,93,92,Abnormal
37.2,82,95,Abnormal
36.25,79,96,Normal
35.84,87,99,Abnormal
36.6,71,95,Normal
36.67,63,97,Normal
37.1,66,97,Normal
36.48,75,100,Normal
37.11,59,100,Abnormal
37.96,67,97,Abnormal
37.29,67,96,Abnormal
36.77,107,96,Abnormal
36.69,33,97,Abnormal
36.59,72,96,Normal
37.51,101,98,Abnormal
36.42,77,98,Normal
36.83,86,98,Normal
36.83,76,100,Normal
36.5,65,101,Normal
35.98,41,97,Abnormal
36.99,78,99,Normal
36.76,63,96,Normal
37.1,63,99,Normal
36.48,68,99,Normal
37.53,101,99,Abnormal
36.27,111,97,Abnormal
37.83,78,96,Abnormal
35.75,68,94,Abnormal
37.06,57,97,Abnormal
37.09,82,100,Normal
36.32,102,96,Abnormal
37.05,71,99,Normal
37.57,39,99,Abnormal
35.47,85,96,Abnormal
37.1,90,100,Normal
35.3,51,91,Abnormal
36.22,78,95,Abnormal
37.78,82,95,Abnormal
36.45,74,95,Normal
36.1,63,98,Abnormal
36.68,90,98,Normal
38.04,69,98,Abnormal
35.7,53,98,Abnormal
36.17,44,95,Abnormal
37.7,94,95,Abnormal
37.91,84,98,Abnormal
36.74,76,96,Normal
36.06,68,94,Abnormal
38.06,67,99,Abnormal
37.76,59,100,Abnormal
37.21,69,100,Abnormal
36.31,43,97,Abnormal
36.77,64,98,Normal
36.7,70,100,Normal
37.0,84,96,Normal
37.67,74,99,Abnormal
37.33,87,98,Abnormal
36.15,95,99,Normal
37.63,91,97,Abnormal
36.99,82,100,Normal
37.21,75,97,Abnormal
37.68,60,94,Abnormal
36.13,86,100,Normal
36.78,100,95,Abnormal
36.48,80,100,Normal
35.86,104,97,Abnormal
37.01,52,99,Abnormal
38.31,58,99,Abnormal
35.7,88,98,Abnormal
36.78,79,98,Normal
37.18,95,98,Normal
36.87,75,93,Abnormal
36.73,62,97,Normal
36.02,72,95,Abnormal
36.94,52,97,Abnormal
36.35,58,95,Abnormal
35.49,90,95,Abnormal
37.52,88,100,Abnormal
37.38,80,99,Abnormal
36.83,49,97,Abnormal
36.94,70,97,Normal
37.44,57,97,Abnormal
36.93,93,98,Normal
37.34,66,96,Abnormal
36.62,59,99,Abnormal
37.59,75,96,Abnormal
36.99,65,96,Normal
36.92,97,97,Normal
36.04,64,96,Abnormal
36.97,54,98,Abnormal
36.3,43,96,Abnormal
36.42,75,98,Normal
36.31,67,99,Normal
36.16,54,96,Abnormal
38.07,93,97,Abnormal
37.6,85,98,Abnormal
37.95,75,96,Abnormal
36.07,95,98,Abnormal
36.84,85,98,Normal
36.02,63,99,Abnormal
36.38,59,96,Abnormal
36.25,87,95,Normal
37.54,81,96,Abnormal
36.56,78,95,Normal
37.44,62,98,Abnormal
37.16,84,95,Abnormal
38.18,64,102,Abnormal
35.91,73,100,Abnormal
37.56,97,97,Abnormal
37.49,65,99,Abnormal
36.22,51,94,Abnormal
37.4,59,102,Abnormal
37.0,90,96,Normal
36.66,79,97,Normal
36.31,73,93,Abnormal
36.37,67,98,Normal
38.03,82,95,Abnormal
36.8,62,97,Normal
37.27,80,96,Abnormal
36.33,64,95,Abnormal
36.33,62,95,Normal
37.45,65,97,Abnormal
35.99,69,94,Abnormal
36.55,74,96,Normal
36.82,79,98,Normal
36.87,20,102,Abnormal
36.69,63,98,Normal
37.04,69,95,Normal
37.22,98,96,Abnormal
37.24,59,97,Abnormal
36.21,77,96,Normal
36.63,97,99,Normal
37.52,55,97,Abnormal
37.34,81,99,Abnormal
35.98,63,96,Abnormal
37.01,67,100,Normal
35.61,63,97,Abnormal
36.83,64,95,Normal
37.94,116,101,Abnormal
36.23,88,93,Abnormal
36.3,92,96,Normal
37.26,82,96,Abnormal
35.87,51,102,Abnormal
36.42,81,101,Normal
37.16,91,100,Normal
36.42,62,96,Normal
36.66,89,102,Normal
37.25,86,98,Abnormal
37.05,103,99,Abnormal
36.96,69,97,Normal
36.6,59,97,Abnormal
37.02,70,96,Normal
36.73,97,97,Normal
37.07,48,98,Abnormal
36.5,44,98,Abnormal
36.69,76,97,Normal
36.21,68,100,Normal
36.78,75,91,Abnormal
36.31,89,98,Normal
36.13,67,98,Normal
36.96,47,99,Abnormal
36.93,106,97,Abnormal
37.27,60,97,Abnormal
36.54,59,99,Abnormal
37.04,92,100,Normal
37.13,69,96,Normal
37.07,74,98,Normal
36.3,82,100,Normal
36.89,91,93,Abnormal
37.02,70,96,Normal
36.8,98,100,Normal
35.55,43,99,Abnormal
36.9,86,98,Normal
38.13,62,96,Abnormal
36.58,96,95,Normal
36.36,77,96,Normal
37.02,65,100,Normal
36.99,85,96,Normal
37.52,88,97,Abnormal
36.05,85,95,Abnormal
37.24,60,99,Abnormal
37.15,68,96,Normal
36.71,75,97,Normal
37.0,74,94,Abnormal
37.42,86,94,Abnormal
37.32,45,97,Abnormal
36.11,80,94,Abnormal
37.29,71,101,Abnormal
36.76,62,93,Abnormal
36.84,64,95,Normal
36.84,72,97,Normal
36.71,21,96,Abnormal
37.52,64,95,Abnormal
36.75,62,95,Normal
36.13,83,95,Normal
36.56,63,96,Normal
36.91,72,101,Normal
37.54,98,97,Abnormal
37.16,90,99,Normal
36.29,89,98,Normal
38.29,68,99,Abnormal
36.96,83,91,Abnormal
37.57,71,96,Abnormal
36.71,72,100,Normal
37.12,81,96,Normal
37.3,66,101,Abnormal
37.53,97,100,Abnormal
37.43,73,96,Abnormal
37.32,84,96,Abnormal
36.61,97,95,Abnormal
36.46,90,96,Normal
37.0,54,95,Abnormal
37.36,82,98,Abnormal
36.67,88,94,Abnormal
37.44,88,98,Abnormal
37.67,58,98,Abnormal
36.25,65,94,Abnormal
36.3,90,100,Normal
36.72,64,98,Normal
36.98,71,98,Normal
36.49,99,95,Normal
37.61,74,98,Abnormal
37.05,64,99,Normal
36.82,62,97,Normal
35.94,80,101,Abnormal
36.01,55,97,Abnormal
36.97,71,99,Normal
35.52,80,98,Abnormal
37.41,94,98,Abnormal
36.71,85,94,Abnormal
38.75,64,98,Abnormal
38.18,93,96,Abnormal
36.69,71,95,Normal
36.74,56,100,Abnormal
37.4,72,97,Abnormal
37.82,97,95,Abnormal
35.82,77,96,Abnormal
35.73,75,94,Abnormal
36.43,100,100,Normal
37.15,54,96,Abnormal
37.1,56,98,Abnormal
37.44,51,100,Abnormal
36.08,81,96,Abnormal
35.41,77,98,Abnormal
37.31,98,95,Abnormal
36.3,79,102,Normal
35.59,69,99,Abnormal
36.89,75,97,Normal
37.28,77,95,Abnormal
36.73,50,97,Abnormal
36.53,116,96,Abnormal
36.7,83,101,Normal
36.58,78,95,Abnormal
35.99,84,97,Abnormal
36.37,86,97,Normal
37.11,73,97,Normal
36.99,66,97,Normal
36.9,84,97,Normal
36.2,81,99,Normal
36.69,63,98,Normal
35.49,96,98,Abnormal
36.91,79,91,Abnormal
37.66,86,98,Abnormal
35.92,96,94,Abnormal
36.45,75,98,Normal
37.0,80,100,Normal
37.55,87,95,Abnormal
36.53,64,96,Normal
36.38,76,96,Normal
35.62,77,99,Abnormal
36.86,61,97,Normal
38.03,110,100,Abnormal
36.97,54,98,Abnormal
36.79,56,97,Abnormal
36.99,95,97,Normal
36.79,86,99,Normal
36.31,60,94,Abnormal
37.29,84,97,Abnormal
36.94,97,97,Normal
36.81,75,98,Normal
36.21,114,97,Abnormal
37.58,49,95,Abnormal
37.2,85,97,Normal
36.47,92,95,Abnormal
37.4,88,93,Abnormal
36.5,72,98,Normal
36.33,71,98,Normal
36.34,82,98,Normal
35.74,87,100,Abnormal
37.08,84,96,Normal
35.7,91,94,Abnormal
36.06,60,97,Abnormal
35.55,72,96,Abnormal
36.75,61,95,Normal
36.71,69,97,Normal
36.6,90,96,Normal
36.17,77,93,Abnormal
36.1,114,96,Abnormal
37.08,78,95,Abnormal
36.47,76,97,Normal
36.99,77,96,Normal
36.27,65,99,Normal
36.91,74,100,Normal
37.58,92,98,Abnormal
37.15,77,94,Abnormal
36.55,63,100,Normal
36.95,61,100,Normal
36.66,68,97,Normal
36.8,76,100,Normal
36.6,93,96,Normal
36.7,55,93,Abnormal
36.93,70,95,Normal
36.2,77,100,Normal
36.19,47,94,Abnormal
35.97,62,97,Abnormal
35.84,65,97,Abnormal
36.07,63,96,Abnormal
36.9,78,96,Normal
36.26,73,97,Normal
37.11,67,96,Normal
36.82,81,94,Abnormal
35.62,101,97,Abnormal
37.19,100,99,Normal
37.29,46,99,Abnormal
36.2,84,95,Normal
37.05,72,94,Abnormal
36.29,77,96,Normal
36.86,69,100,Normal
36.04,77,98,Abnormal
35.72,77,98,Abnormal
36.57,66,99,Normal
36.73,62,98,Normal
36.56,68,97,Normal
36.09,79,98,Abnormal
36.56,84,96,Normal
36.96,88,94,Abnormal
36.77,68,98,Normal
36.91,79,99,Normal
36.4,89,95,Abnormal
37.5,92,99,Abnormal
36.09,74,100,Abnormal
37.09,72,97,Normal
37.51,78,95,Abnormal
37.09,58,97,Abnormal
36.68,72,96,Normal
36.48,86,96,Normal
37.42,85,98,Abnormal
35.95,71,94,Abnormal
36.22,78,94,Abnormal
36.56,63,97,Normal
37.54,86,97,Abnormal
37.03,74,98,Normal
36.22,71,101,Normal
36.61,70,97,Normal
36.43,74,98,Normal
36.37,68,95,Normal
37.39,85,99,Abnormal
35.98,69,96,Abnormal
37.77,99,97,Abnormal
37.3,97,97,Abnormal
37.45,62,99,Abnormal
36.52,76,94,Abnormal
36.71,65,92,Abnormal
35.94,70,97,Abnormal
36.49,105,98,Abnormal
37.1,70,97,Normal
37.58,80,99,Abnormal
36.14,83,98,Normal
36.58,60,96,Abnormal
36.71,62,92,Abnormal
35.96,57,97,Abnormal
37.15,62,99,Normal
36.37,32,96,Abnormal
36.68,83,97,Normal
36.53,106,98,Abnormal
36.33,77,95,Abnormal
36.8,54,98,Abnormal
36.67,65,100,Normal
36.58,68,97,Normal
36.36,60,95,Abnormal
36.99,88,97,Normal
37.79,87,93,Abnormal
36.88,58,98,Abnormal
37.4,86,98,Abnormal
35.97,98,100,Abnormal
36.89,104,97,Abnormal
36.14,118,98,Abnormal
35.91,61,95,Abnormal
36.36,117,96,Abnormal
37.52,70,94,Abnormal
37.37,66,97,Abnormal
36.95,80,96,Normal
35.88,66,98,Abnormal
36.68,81,96,Normal
36.98,55,97,Abnormal
36.91,71,96,Normal
35.69,94,96,Abnormal
36.27,74,97,Normal
36.76,77,97,Normal
37.12,82,99,Normal
35.48,93,97,Abnormal
36.7,50,96,Abnormal
36.89,84,97,Normal
37.31,71,96,Abnormal
37.22,77,96,Abnormal
37.15,91,101,Normal
36.32,57,95,Abnormal
35.66,60,96,Abnormal
36.56,46,96,Abnormal
37.4,67,97,Abnormal
37.64,95,96,Abnormal
37.23,73,98,Abnormal
37.06,55,94,Abnormal
37.03,68,99,Normal
36.47,53,98,Abnormal
36.72,58,95,Abnormal
37.8,81,92,Abnormal
36.23,57,95,Abnormal
37.77,92,97,Abnormal
36.61,74,102,Normal
37.6,76,98,Abnormal
35.96,71,93,Abnormal
37.15,87,96,Normal
36.36,87,97,Normal
35.95,80,98,Abnormal
36.93,83,94,Abnormal
37.41,72,97,Abnormal
36.29,83,96,Normal
35.9,70,95,Abnormal
36.74,75,98,Normal
36.75,71,99,Normal
37.13,68,99,Normal
37.37,65,98,Abnormal
36.76,82,96,Normal
37.91,95,98,Abnormal
36.93,93,98,Normal
36.59,56,97,Abnormal
35.83,94,96,Abnormal
36.64,70,96,Normal
36.6,84,97,Normal
37.38,61,102,Abnormal
37.08,77,98,Normal
36.09,80,96,Abnormal
36.9,53,95,Abnormal
37.2,84,96,Abnormal
37.72,95,101,Abnormal
37.33,72,96,Abnormal
37.26,95,99,Abnormal
36.84,72,96,Normal
37.03,88,98,Normal
37.55,42,99,Abnormal
36.0,111,96,Abnormal
36.59,97,96,Normal
36.34,71,100,Normal
37.03,45,99,Abnormal
37.54,79,99,Abnormal
36.44,53,99,Abnormal
35.37,82,98,Abnormal
36.55,81,101,Normal
37.35,61,97,Abnormal
37.12,92,98,Normal
37.06,87,94,Abnormal
36.63,90,95,Normal
36.03,75,95,Abnormal
37.11,54,100,Abnormal
36.3,90,92,Abnormal
38.11,71,96,Abnormal
37.14,54,91,Abnormal
36.45,95,95,Normal
36.43,106,96,Abnormal
36.74,74,100,Normal
36.66,107,98,Abnormal
37.47,76,95,Abnormal
36.91,69,99,Normal
36.36,66,97,Normal
37.93,100,97,Abnormal
36.83,63,95,Abnormal
37.26,86,95,Abnormal
36.44,67,95,Normal
37.02,68,97,Normal
36.99,90,97,Normal
35.67,69,100,Abnormal
38.01,69,98,Abnormal
37.57,92,92,Abnormal
36.56,99,98,Normal
36.14,85,94,Abnormal
37.01,65,95,Normal
36.85,67,95,Normal
37.01,76,96,Normal
36.91,80,94,Abnormal
37.1,60,97,Normal
37.67,86,94,Abnormal
37.14,76,98,Normal
36.17,49,101,Abnormal
37.62,61,94,Abnormal
37.78,67,96,Abnormal
38.69,74,92,Abnormal
36.13,103,96,Abnormal
36.95,79,98,Normal
35.55,62,98,Abnormal
37.13,78,97,Normal
36.47,70,99,Normal
37.95,80,102,Abnormal
36.34,84,100,Normal
35.79,93,96,Abnormal
36.52,75,94,Abnormal
35.61,100,96,Abnormal
37.25,89,95,Abnormal
35.56,64,98,Abnormal
36.82,108,95,Abnormal
35.55,80,97,Abnormal
36.61,62,99,Normal
37.79,100,97,Abnormal
37.02,106,95,Abnormal
